audit_id,table_name,record_id,operation,changed_by,change_time,change_summary
1,customers,112,INSERT,admin,2021-11-09,Updated status
2,branches,500,DELETE,admin,2019-02-23,Automated job
3,accounts,752,DELETE,emp300,2021-05-27,Removed duplicate
4,loan_applications,427,UPDATE,emp667,2023-01-20,Created record
5,accounts,39,DELETE,admin,2020-08-23,Removed duplicate
6,loan_applications,784,UPDATE,system,2018-11-29,Corrected amount
7,payments,383,INSERT,system,2021-12-10,Corrected amount
8,employees,759,INSERT,emp130,2025-08-21,Automated job
9,credit_reports,470,UPDATE,emp397,2018-08-19,Automated job
10,accounts,315,DELETE,admin,2019-01-09,Updated status
11,payments,111,DELETE,system,2024-03-22,Created record
12,loan_applications,104,UPDATE,admin,2022-02-27,Automated job
13,credit_reports,59,INSERT,admin,2024-10-15,Removed duplicate
14,loans,446,INSERT,system,2022-05-03,Automated job
15,loan_applications,278,DELETE,admin,2021-07-09,Removed duplicate
16,customers,981,UPDATE,system,2022-10-21,Created record
17,loans,252,UPDATE,emp18,2018-12-02,Corrected amount
18,accounts,184,DELETE,system,2018-04-14,Created record
19,loan_applications,27,UPDATE,emp441,2024-08-28,Corrected amount
20,loans,24,INSERT,admin,2019-03-24,Removed duplicate
21,accounts,796,INSERT,admin,2021-05-16,Updated status
22,payment_schedule,179,INSERT,admin,2019-07-17,Corrected amount
23,employees,690,DELETE,admin,2022-01-12,Removed duplicate
24,customers,745,DELETE,emp487,2021-03-28,Created record
25,payments,984,UPDATE,emp153,2018-06-11,Removed duplicate
26,payments,323,UPDATE,admin,2020-05-18,Removed duplicate
27,employees,514,UPDATE,system,2024-06-24,Removed duplicate
28,loan_applications,214,DELETE,admin,2022-01-28,Updated status
29,loans,547,UPDATE,emp890,2021-07-28,Corrected amount
30,loans,123,UPDATE,emp277,2021-04-09,Updated status
31,employees,952,INSERT,emp296,2024-02-21,Removed duplicate
32,accounts,912,UPDATE,emp241,2024-01-24,Automated job
33,credit_reports,572,UPDATE,emp749,2022-10-12,Corrected amount
34,loan_products,951,UPDATE,admin,2019-09-24,Corrected amount
35,branches,582,DELETE,admin,2020-02-26,Updated status
36,accounts,340,DELETE,admin,2025-08-29,Created record
37,loan_products,335,UPDATE,emp981,2023-12-08,Automated job
38,customers,889,UPDATE,admin,2021-10-23,Automated job
39,credit_reports,341,UPDATE,emp356,2025-01-14,Corrected amount
40,loans,993,DELETE,system,2020-09-05,Removed duplicate
41,branches,867,UPDATE,system,2023-08-20,Created record
42,loan_applications,970,UPDATE,emp562,2021-07-05,Created record
43,loan_applications,101,DELETE,system,2021-06-15,Created record
44,loans,469,UPDATE,system,2025-02-11,Removed duplicate
45,branches,128,UPDATE,admin,2021-10-22,Created record
46,payments,645,INSERT,admin,2020-09-29,Removed duplicate
47,payments,307,INSERT,emp159,2019-05-20,Created record
48,payment_schedule,355,UPDATE,admin,2023-10-30,Created record
49,credit_reports,399,INSERT,system,2020-02-08,Corrected amount
50,loan_applications,22,DELETE,system,2022-11-26,Updated status
51,credit_reports,618,INSERT,system,2018-08-09,Corrected amount
52,loans,505,UPDATE,emp987,2024-06-13,Created record
53,payment_schedule,368,UPDATE,system,2020-02-26,Removed duplicate
54,loans,825,INSERT,emp198,2024-09-25,Updated status
55,employees,715,INSERT,emp703,2018-07-11,Automated job
56,loan_products,121,DELETE,emp988,2020-06-07,Automated job
57,accounts,483,INSERT,admin,2024-02-24,Created record
58,branches,970,UPDATE,system,2024-04-08,Automated job
59,loan_products,880,DELETE,system,2024-03-10,Removed duplicate
60,customers,711,UPDATE,system,2022-10-27,Automated job
61,credit_reports,954,INSERT,emp843,2018-12-29,Removed duplicate
62,loans,34,DELETE,emp556,2020-07-11,Automated job
63,employees,680,INSERT,emp503,2021-04-16,Automated job
64,branches,111,UPDATE,system,2021-06-02,Updated status
65,payments,287,UPDATE,admin,2023-10-18,Automated job
66,payment_schedule,490,DELETE,admin,2021-02-28,Updated status
67,loans,836,INSERT,system,2019-12-30,Corrected amount
68,customers,93,UPDATE,emp790,2025-06-21,Corrected amount
69,credit_reports,585,UPDATE,emp157,2018-05-25,Updated status
70,loans,861,INSERT,emp37,2018-02-14,Created record
71,accounts,389,DELETE,system,2018-09-05,Created record
72,accounts,235,DELETE,system,2022-01-31,Corrected amount
73,loan_applications,51,UPDATE,admin,2024-02-06,Created record
74,customers,869,DELETE,system,2019-01-11,Corrected amount
75,loans,396,UPDATE,system,2021-06-06,Updated status
76,employees,507,UPDATE,admin,2018-01-13,Corrected amount
77,employees,89,INSERT,emp514,2018-08-07,Updated status
78,payments,915,UPDATE,emp633,2020-04-11,Corrected amount
79,accounts,265,DELETE,system,2022-07-16,Corrected amount
80,accounts,381,INSERT,system,2020-05-29,Created record
81,customers,501,DELETE,emp958,2018-01-28,Corrected amount
82,payments,453,INSERT,system,2021-11-10,Removed duplicate
83,payments,916,INSERT,emp509,2020-11-20,Updated status
84,credit_reports,560,DELETE,emp623,2024-12-04,Created record
85,customers,779,INSERT,emp947,2019-11-22,Corrected amount
86,loans,23,INSERT,emp823,2023-01-15,Removed duplicate
87,payments,811,INSERT,system,2019-06-29,Corrected amount
88,loan_applications,1000,UPDATE,system,2021-04-26,Corrected amount
89,loan_products,100,INSERT,admin,2021-06-26,Automated job
90,credit_reports,179,INSERT,admin,2019-12-20,Removed duplicate
91,payment_schedule,788,DELETE,emp153,2024-12-22,Corrected amount
92,branches,676,DELETE,system,2023-04-21,Automated job
93,employees,208,UPDATE,emp492,2022-11-24,Created record
94,employees,538,UPDATE,admin,2025-06-30,Automated job
95,employees,649,INSERT,emp394,2023-12-16,Updated status
96,customers,901,DELETE,emp316,2021-06-09,Corrected amount
97,loan_applications,4,DELETE,emp477,2020-05-14,Updated status
98,branches,618,DELETE,emp489,2020-06-27,Automated job
99,loans,722,UPDATE,emp862,2024-08-23,Automated job
100,loan_applications,768,INSERT,emp509,2021-04-11,Automated job
101,customers,643,DELETE,system,2021-06-07,Corrected amount
102,payments,901,INSERT,admin,2021-04-21,Removed duplicate
103,payment_schedule,493,UPDATE,system,2021-10-17,Automated job
104,loan_products,256,INSERT,emp86,2018-10-16,Corrected amount
105,accounts,858,INSERT,emp737,2025-01-04,Automated job
106,employees,360,DELETE,admin,2023-12-22,Created record
107,loans,201,UPDATE,admin,2024-04-16,Automated job
108,employees,394,INSERT,admin,2024-03-13,Updated status
109,payments,152,INSERT,system,2019-02-19,Created record
110,payments,673,DELETE,admin,2019-11-08,Updated status
111,loans,738,UPDATE,admin,2021-03-18,Corrected amount
112,customers,20,INSERT,system,2022-07-06,Automated job
113,loan_products,58,INSERT,admin,2020-05-28,Updated status
114,payment_schedule,482,INSERT,system,2020-02-10,Created record
115,loan_products,300,INSERT,emp285,2020-07-01,Removed duplicate
116,loan_applications,449,UPDATE,system,2025-08-19,Corrected amount
117,loan_applications,885,DELETE,system,2020-08-07,Updated status
118,customers,69,UPDATE,admin,2020-12-10,Automated job
119,customers,402,UPDATE,admin,2019-01-06,Corrected amount
120,employees,431,UPDATE,system,2021-10-07,Created record
121,customers,149,DELETE,system,2019-09-24,Created record
122,loan_applications,445,INSERT,emp913,2023-05-21,Created record
123,credit_reports,961,UPDATE,emp934,2019-12-12,Updated status
124,credit_reports,339,INSERT,emp969,2024-04-30,Removed duplicate
125,loans,84,UPDATE,system,2019-02-08,Automated job
126,customers,801,UPDATE,emp275,2018-04-25,Automated job
127,loans,744,INSERT,admin,2018-02-25,Automated job
128,payment_schedule,788,INSERT,system,2024-11-27,Removed duplicate
129,loan_products,713,DELETE,emp606,2025-01-22,Automated job
130,customers,606,DELETE,admin,2022-10-11,Corrected amount
131,employees,232,INSERT,admin,2023-08-09,Created record
132,customers,532,DELETE,system,2023-01-08,Corrected amount
133,loan_products,433,UPDATE,system,2021-08-05,Removed duplicate
134,accounts,51,DELETE,admin,2022-10-28,Removed duplicate
135,accounts,832,DELETE,system,2019-04-30,Removed duplicate
136,loans,24,INSERT,admin,2022-02-14,Updated status
137,loan_applications,480,DELETE,emp307,2018-09-28,Corrected amount
138,credit_reports,956,DELETE,admin,2022-02-15,Created record
139,payments,527,DELETE,system,2019-01-02,Created record
140,employees,83,UPDATE,system,2024-01-01,Removed duplicate
141,loan_applications,279,DELETE,admin,2021-08-05,Created record
142,payment_schedule,630,UPDATE,system,2023-01-29,Corrected amount
143,customers,675,INSERT,system,2024-05-29,Corrected amount
144,credit_reports,25,INSERT,emp197,2020-04-02,Corrected amount
145,loans,703,UPDATE,emp574,2024-11-15,Removed duplicate
146,loan_applications,473,INSERT,emp989,2025-02-14,Automated job
147,loan_applications,476,INSERT,emp47,2022-09-27,Automated job
148,credit_reports,356,INSERT,emp641,2019-11-21,Corrected amount
149,branches,179,INSERT,system,2024-01-05,Automated job
150,loan_applications,46,INSERT,emp551,2021-04-25,Removed duplicate
151,payments,971,INSERT,emp282,2024-06-08,Removed duplicate
152,loans,756,UPDATE,admin,2019-10-20,Updated status
153,loan_applications,800,DELETE,admin,2022-01-02,Updated status
154,customers,437,INSERT,emp122,2024-05-04,Automated job
155,loan_applications,205,INSERT,system,2019-06-15,Removed duplicate
156,accounts,817,INSERT,system,2023-03-12,Corrected amount
157,payment_schedule,902,DELETE,emp664,2022-01-30,Automated job
158,accounts,220,INSERT,system,2021-08-18,Updated status
159,accounts,794,UPDATE,admin,2018-09-06,Automated job
160,loan_applications,5,DELETE,admin,2019-07-23,Automated job
161,payment_schedule,529,INSERT,system,2018-07-31,Corrected amount
162,employees,500,INSERT,system,2019-07-10,Removed duplicate
163,employees,932,DELETE,emp960,2022-10-24,Updated status
164,customers,711,DELETE,emp536,2018-05-27,Corrected amount
165,customers,150,INSERT,admin,2023-12-14,Automated job
166,loans,219,DELETE,admin,2023-06-23,Created record
167,customers,488,INSERT,emp883,2021-07-18,Updated status
168,credit_reports,703,INSERT,system,2020-10-15,Created record
169,branches,946,INSERT,admin,2020-06-08,Updated status
170,loan_products,23,INSERT,system,2025-04-29,Corrected amount
171,branches,37,DELETE,admin,2021-10-27,Corrected amount
172,accounts,509,INSERT,admin,2023-10-11,Updated status
173,loan_products,709,DELETE,emp875,2024-02-11,Created record
174,payments,796,UPDATE,emp193,2023-02-15,Created record
175,credit_reports,843,DELETE,admin,2025-03-15,Updated status
176,branches,955,UPDATE,system,2021-11-15,Created record
177,accounts,947,UPDATE,system,2024-09-19,Automated job
178,payments,531,UPDATE,emp568,2024-09-02,Removed duplicate
179,payment_schedule,519,DELETE,admin,2021-05-09,Removed duplicate
180,customers,265,DELETE,emp902,2019-12-01,Updated status
181,loans,810,DELETE,system,2019-11-08,Corrected amount
182,customers,311,UPDATE,system,2019-01-19,Removed duplicate
183,credit_reports,143,UPDATE,admin,2024-02-10,Corrected amount
184,branches,991,UPDATE,emp446,2019-09-07,Corrected amount
185,loan_applications,27,INSERT,system,2025-06-30,Created record
186,loan_products,161,DELETE,admin,2019-04-15,Automated job
187,loan_products,104,DELETE,emp420,2023-02-13,Removed duplicate
188,loans,758,INSERT,admin,2022-06-26,Automated job
189,loans,419,DELETE,emp186,2022-03-23,Automated job
190,payment_schedule,481,INSERT,emp749,2019-10-03,Created record
191,payments,200,INSERT,system,2018-10-05,Created record
192,accounts,288,UPDATE,emp220,2024-07-24,Corrected amount
193,credit_reports,5,DELETE,system,2023-12-16,Removed duplicate
194,credit_reports,152,DELETE,system,2019-05-21,Removed duplicate
195,loans,786,UPDATE,system,2019-07-18,Removed duplicate
196,loan_applications,70,DELETE,admin,2024-05-21,Removed duplicate
197,branches,445,INSERT,system,2022-05-14,Updated status
198,customers,216,UPDATE,system,2021-12-20,Removed duplicate
199,employees,591,DELETE,admin,2022-11-23,Removed duplicate
200,loan_applications,289,DELETE,admin,2018-10-31,Corrected amount
201,accounts,976,INSERT,system,2018-04-12,Removed duplicate
202,employees,885,INSERT,system,2025-06-10,Removed duplicate
203,credit_reports,612,INSERT,admin,2018-02-10,Removed duplicate
204,branches,197,DELETE,emp832,2024-04-27,Corrected amount
205,loans,474,INSERT,admin,2020-06-20,Corrected amount
206,accounts,305,UPDATE,system,2025-06-26,Corrected amount
207,accounts,132,INSERT,admin,2022-12-29,Created record
208,employees,742,UPDATE,emp51,2021-02-21,Automated job
209,loan_applications,843,INSERT,emp270,2020-12-25,Updated status
210,payment_schedule,806,DELETE,admin,2022-01-29,Removed duplicate
211,credit_reports,419,UPDATE,admin,2023-05-25,Created record
212,branches,861,INSERT,admin,2018-07-02,Removed duplicate
213,loan_applications,247,UPDATE,system,2022-01-01,Automated job
214,accounts,635,UPDATE,system,2021-07-16,Removed duplicate
215,customers,365,UPDATE,system,2025-05-27,Removed duplicate
216,accounts,387,UPDATE,system,2020-11-12,Automated job
217,employees,226,UPDATE,admin,2019-02-27,Removed duplicate
218,payment_schedule,932,INSERT,emp218,2021-05-20,Updated status
219,loans,114,UPDATE,system,2021-12-17,Updated status
220,accounts,894,DELETE,admin,2021-03-21,Updated status
221,loan_products,314,UPDATE,emp98,2018-03-08,Corrected amount
222,loan_applications,323,DELETE,emp44,2021-10-01,Automated job
223,loan_products,783,DELETE,admin,2020-02-26,Removed duplicate
224,loan_applications,78,UPDATE,admin,2018-08-23,Corrected amount
225,employees,550,INSERT,system,2021-12-18,Updated status
226,customers,591,INSERT,system,2023-02-23,Automated job
227,loan_applications,784,UPDATE,emp94,2024-02-02,Created record
228,accounts,367,INSERT,admin,2021-09-21,Created record
229,loan_applications,332,UPDATE,system,2019-04-05,Updated status
230,employees,282,INSERT,admin,2024-10-24,Corrected amount
231,loans,992,DELETE,admin,2018-06-28,Automated job
232,loans,600,UPDATE,emp3,2019-02-13,Updated status
233,loan_products,369,UPDATE,admin,2022-01-01,Automated job
234,loan_applications,585,INSERT,system,2018-10-15,Automated job
235,customers,114,UPDATE,system,2021-08-14,Updated status
236,payments,830,INSERT,admin,2018-12-20,Created record
237,accounts,786,INSERT,emp210,2024-02-23,Created record
238,payments,155,DELETE,emp364,2024-01-10,Updated status
239,payments,73,UPDATE,admin,2024-12-24,Created record
240,accounts,594,INSERT,emp843,2025-05-04,Removed duplicate
241,loans,76,UPDATE,admin,2019-05-10,Created record
242,loan_products,886,UPDATE,system,2024-03-15,Removed duplicate
243,loans,389,INSERT,system,2020-08-18,Removed duplicate
244,customers,178,INSERT,emp384,2024-02-11,Corrected amount
245,loan_applications,43,INSERT,system,2025-01-12,Automated job
246,payments,950,UPDATE,emp230,2020-03-25,Created record
247,accounts,121,INSERT,emp823,2020-01-27,Corrected amount
248,loan_applications,262,DELETE,system,2022-04-04,Removed duplicate
249,accounts,849,DELETE,emp114,2022-03-25,Updated status
250,employees,343,INSERT,system,2020-11-22,Created record
251,payments,3,INSERT,system,2022-09-13,Created record
252,accounts,10,UPDATE,admin,2021-02-01,Automated job
253,credit_reports,264,UPDATE,emp382,2024-12-10,Updated status
254,employees,930,INSERT,system,2021-04-28,Automated job
255,loan_products,944,INSERT,admin,2020-02-13,Corrected amount
256,payments,217,DELETE,system,2024-12-22,Corrected amount
257,employees,892,UPDATE,emp359,2023-08-16,Created record
258,customers,460,DELETE,system,2022-02-14,Automated job
259,accounts,345,UPDATE,admin,2020-09-04,Automated job
260,employees,572,DELETE,system,2018-12-28,Updated status
261,loan_applications,914,DELETE,admin,2023-06-16,Automated job
262,customers,945,UPDATE,system,2020-04-22,Created record
263,branches,493,INSERT,system,2025-08-28,Automated job
264,loans,396,INSERT,system,2022-07-13,Removed duplicate
265,loan_applications,101,INSERT,admin,2022-07-15,Updated status
266,payments,253,INSERT,admin,2023-02-23,Corrected amount
267,credit_reports,502,INSERT,admin,2018-11-22,Updated status
268,employees,295,INSERT,admin,2022-01-08,Automated job
269,loan_applications,918,DELETE,admin,2020-11-29,Updated status
270,customers,175,DELETE,admin,2019-09-03,Automated job
271,loan_products,787,UPDATE,system,2022-02-16,Automated job
272,payments,15,UPDATE,emp56,2024-03-24,Removed duplicate
273,credit_reports,313,UPDATE,emp476,2022-04-25,Corrected amount
274,employees,211,INSERT,system,2023-11-11,Updated status
275,accounts,275,DELETE,emp291,2020-08-07,Corrected amount
276,branches,416,DELETE,system,2020-05-31,Automated job
277,payments,605,INSERT,admin,2022-05-14,Created record
278,payments,717,INSERT,system,2020-03-15,Automated job
279,accounts,236,DELETE,admin,2019-07-17,Automated job
280,credit_reports,482,DELETE,admin,2025-05-16,Removed duplicate
281,payment_schedule,364,UPDATE,system,2022-09-15,Created record
282,loan_applications,680,INSERT,admin,2024-02-01,Removed duplicate
283,payments,370,DELETE,system,2024-09-13,Automated job
284,credit_reports,949,DELETE,admin,2019-12-25,Automated job
285,employees,302,UPDATE,system,2023-10-30,Updated status
286,customers,508,INSERT,admin,2021-11-24,Automated job
287,employees,975,DELETE,admin,2024-08-02,Corrected amount
288,loan_products,849,DELETE,system,2021-05-03,Corrected amount
289,customers,483,INSERT,emp593,2019-05-04,Automated job
290,credit_reports,884,UPDATE,admin,2019-04-22,Corrected amount
291,customers,799,DELETE,admin,2019-12-26,Updated status
292,employees,701,DELETE,system,2019-03-28,Removed duplicate
293,accounts,362,DELETE,admin,2019-07-01,Automated job
294,payment_schedule,705,UPDATE,admin,2019-11-30,Removed duplicate
295,loan_products,655,DELETE,emp867,2020-12-19,Corrected amount
296,loans,627,INSERT,emp1000,2024-02-01,Automated job
297,loan_applications,119,INSERT,admin,2025-07-24,Removed duplicate
298,credit_reports,770,DELETE,system,2022-12-22,Corrected amount
299,employees,769,DELETE,emp762,2022-05-23,Corrected amount
300,loan_products,873,DELETE,system,2018-04-07,Corrected amount
301,customers,44,DELETE,emp168,2023-01-31,Created record
302,loans,372,INSERT,admin,2020-01-29,Created record
303,accounts,8,INSERT,system,2023-10-08,Created record
304,payments,997,DELETE,admin,2022-12-26,Automated job
305,loans,85,DELETE,admin,2022-11-07,Updated status
306,payment_schedule,384,INSERT,emp271,2022-02-08,Corrected amount
307,customers,178,INSERT,system,2024-09-04,Created record
308,loans,795,UPDATE,emp161,2024-09-24,Updated status
309,customers,495,INSERT,system,2025-01-27,Automated job
310,credit_reports,364,DELETE,system,2021-07-11,Corrected amount
311,accounts,162,INSERT,system,2023-08-19,Removed duplicate
312,loans,861,DELETE,emp114,2024-09-25,Automated job
313,payments,459,INSERT,admin,2022-02-08,Updated status
314,customers,30,DELETE,admin,2020-06-01,Updated status
315,loan_applications,53,INSERT,emp642,2022-12-10,Created record
316,loan_applications,990,UPDATE,system,2022-10-28,Updated status
317,accounts,610,UPDATE,emp665,2022-05-29,Removed duplicate
318,accounts,73,UPDATE,system,2025-02-15,Removed duplicate
319,payment_schedule,816,DELETE,system,2020-04-20,Removed duplicate
320,credit_reports,837,UPDATE,emp53,2025-03-18,Created record
321,loan_applications,424,UPDATE,admin,2022-10-17,Created record
322,accounts,396,DELETE,system,2019-04-23,Removed duplicate
323,loans,958,DELETE,emp265,2021-09-28,Updated status
324,employees,545,DELETE,system,2021-09-21,Automated job
325,loans,187,INSERT,admin,2025-03-01,Removed duplicate
326,payments,752,INSERT,emp457,2023-03-08,Corrected amount
327,employees,60,INSERT,system,2019-01-04,Created record
328,loan_applications,887,DELETE,admin,2019-12-08,Automated job
329,customers,29,INSERT,emp382,2023-05-07,Created record
330,payment_schedule,688,DELETE,admin,2022-12-28,Corrected amount
331,loans,16,INSERT,system,2018-07-23,Removed duplicate
332,payment_schedule,972,DELETE,emp265,2023-04-21,Created record
333,loans,697,UPDATE,system,2022-09-09,Created record
334,loan_products,333,UPDATE,system,2020-01-18,Corrected amount
335,customers,811,INSERT,system,2024-04-13,Updated status
336,branches,117,UPDATE,emp566,2019-04-15,Updated status
337,customers,916,DELETE,admin,2020-07-24,Automated job
338,loan_applications,196,INSERT,system,2025-02-24,Automated job
339,loans,651,DELETE,emp860,2021-12-14,Updated status
340,accounts,907,INSERT,system,2018-08-13,Automated job
341,employees,30,DELETE,system,2018-11-04,Updated status
342,accounts,879,UPDATE,system,2018-02-19,Automated job
343,branches,394,INSERT,emp439,2021-11-07,Created record
344,employees,297,INSERT,emp364,2018-12-27,Automated job
345,payments,183,DELETE,system,2018-04-01,Created record
346,credit_reports,743,UPDATE,system,2024-12-15,Created record
347,payment_schedule,207,DELETE,emp579,2021-08-08,Updated status
348,loan_products,466,INSERT,emp757,2021-04-06,Removed duplicate
349,loan_products,360,DELETE,emp367,2019-09-28,Corrected amount
350,employees,69,INSERT,system,2018-11-20,Corrected amount
351,loan_products,142,UPDATE,admin,2024-05-08,Updated status
352,payments,379,DELETE,emp713,2021-09-05,Updated status
353,accounts,246,DELETE,admin,2025-04-16,Automated job
354,employees,807,DELETE,system,2022-07-29,Created record
355,employees,993,DELETE,system,2022-07-20,Automated job
356,payment_schedule,450,INSERT,admin,2020-05-31,Created record
357,loan_applications,504,DELETE,admin,2022-10-23,Corrected amount
358,loan_products,185,DELETE,admin,2020-11-01,Corrected amount
359,payment_schedule,632,INSERT,system,2025-04-25,Automated job
360,credit_reports,337,UPDATE,admin,2020-12-10,Corrected amount
361,branches,753,INSERT,emp829,2018-08-28,Removed duplicate
362,accounts,118,UPDATE,system,2021-09-13,Created record
363,accounts,570,UPDATE,emp14,2018-11-09,Automated job
364,payments,456,UPDATE,admin,2018-10-03,Created record
365,employees,804,DELETE,admin,2024-01-20,Created record
366,payments,485,DELETE,emp57,2019-03-30,Created record
367,credit_reports,471,INSERT,admin,2025-03-20,Corrected amount
368,payment_schedule,715,UPDATE,system,2020-08-01,Updated status
369,loan_applications,416,UPDATE,emp138,2018-09-21,Automated job
370,loans,78,INSERT,admin,2021-01-21,Corrected amount
371,accounts,412,UPDATE,admin,2025-03-05,Updated status
372,employees,417,UPDATE,emp366,2021-05-13,Removed duplicate
373,loans,697,INSERT,emp871,2018-01-29,Automated job
374,accounts,658,UPDATE,admin,2019-03-14,Corrected amount
375,payments,469,UPDATE,emp170,2020-01-03,Automated job
376,loan_applications,334,UPDATE,admin,2020-02-17,Created record
377,payment_schedule,578,INSERT,system,2024-01-06,Automated job
378,employees,740,INSERT,system,2020-04-02,Updated status
379,customers,427,DELETE,emp872,2024-08-17,Automated job
380,branches,243,UPDATE,system,2023-01-23,Updated status
381,employees,100,INSERT,emp813,2021-07-30,Updated status
382,customers,676,UPDATE,admin,2020-06-17,Updated status
383,loans,962,DELETE,emp322,2021-11-22,Created record
384,credit_reports,589,UPDATE,admin,2018-03-23,Removed duplicate
385,payment_schedule,945,UPDATE,system,2019-07-05,Updated status
386,customers,792,DELETE,admin,2024-01-07,Created record
387,loan_products,538,DELETE,emp148,2018-07-12,Removed duplicate
388,payments,876,DELETE,system,2025-06-21,Automated job
389,loan_applications,914,UPDATE,admin,2025-02-08,Removed duplicate
390,branches,258,INSERT,emp378,2022-11-30,Removed duplicate
391,employees,608,DELETE,system,2020-10-19,Updated status
392,loan_applications,910,UPDATE,system,2022-04-15,Created record
393,accounts,804,INSERT,admin,2025-02-10,Removed duplicate
394,loan_applications,976,UPDATE,emp860,2020-05-07,Automated job
395,customers,370,UPDATE,emp120,2019-04-20,Removed duplicate
396,employees,185,DELETE,admin,2022-05-01,Automated job
397,loans,490,INSERT,emp272,2023-11-15,Automated job
398,branches,670,UPDATE,system,2024-01-30,Corrected amount
399,credit_reports,298,UPDATE,emp844,2025-01-26,Removed duplicate
400,loans,960,DELETE,admin,2024-10-28,Updated status
401,accounts,73,DELETE,admin,2020-07-28,Updated status
402,branches,944,UPDATE,emp305,2019-01-24,Removed duplicate
403,loans,216,UPDATE,admin,2023-12-20,Corrected amount
404,employees,258,UPDATE,emp767,2021-03-06,Corrected amount
405,employees,173,UPDATE,system,2025-04-12,Corrected amount
406,loan_products,415,INSERT,system,2025-05-27,Removed duplicate
407,credit_reports,864,INSERT,emp499,2018-08-06,Created record
408,payments,225,UPDATE,emp601,2020-11-19,Removed duplicate
409,payment_schedule,817,INSERT,emp120,2018-06-10,Removed duplicate
410,payments,22,UPDATE,admin,2023-08-13,Created record
411,loans,429,DELETE,emp948,2019-06-24,Automated job
412,loan_products,643,UPDATE,admin,2023-09-08,Automated job
413,customers,450,INSERT,emp283,2018-09-12,Removed duplicate
414,loans,241,INSERT,admin,2022-12-27,Removed duplicate
415,accounts,156,UPDATE,admin,2022-10-02,Removed duplicate
416,customers,232,UPDATE,system,2023-11-09,Removed duplicate
417,branches,92,DELETE,admin,2018-05-27,Created record
418,loan_applications,808,DELETE,system,2024-06-14,Created record
419,credit_reports,707,UPDATE,emp359,2022-11-24,Removed duplicate
420,loans,983,INSERT,system,2018-09-24,Automated job
421,loans,146,UPDATE,system,2019-05-18,Automated job
422,employees,482,INSERT,admin,2022-10-29,Automated job
423,payments,879,DELETE,admin,2023-04-28,Updated status
424,customers,70,UPDATE,admin,2025-04-25,Corrected amount
425,payment_schedule,474,INSERT,emp253,2019-07-04,Corrected amount
426,employees,718,DELETE,system,2020-05-05,Corrected amount
427,employees,234,INSERT,emp864,2021-05-28,Updated status
428,payments,900,INSERT,admin,2022-05-21,Automated job
429,loan_products,685,UPDATE,admin,2025-03-20,Automated job
430,payments,8,UPDATE,emp570,2024-01-17,Removed duplicate
431,payments,170,UPDATE,system,2022-10-22,Removed duplicate
432,employees,29,INSERT,system,2018-09-24,Automated job
433,loan_applications,762,DELETE,emp878,2022-03-20,Created record
434,loan_applications,733,INSERT,admin,2024-01-29,Removed duplicate
435,loans,198,UPDATE,emp395,2021-05-09,Corrected amount
436,customers,687,INSERT,emp567,2024-04-18,Removed duplicate
437,loan_applications,896,INSERT,emp984,2023-03-16,Corrected amount
438,loan_applications,395,DELETE,emp77,2021-10-22,Created record
439,credit_reports,171,DELETE,admin,2022-05-05,Created record
440,employees,134,UPDATE,system,2019-10-18,Created record
441,accounts,83,DELETE,admin,2025-01-02,Updated status
442,loan_applications,560,UPDATE,emp212,2018-07-04,Removed duplicate
443,branches,816,INSERT,emp666,2023-09-03,Automated job
444,customers,617,DELETE,system,2020-07-19,Removed duplicate
445,customers,377,UPDATE,admin,2025-01-26,Corrected amount
446,loan_products,23,DELETE,system,2022-02-24,Updated status
447,branches,491,INSERT,system,2024-10-30,Corrected amount
448,customers,198,UPDATE,system,2024-07-21,Corrected amount
449,employees,198,INSERT,emp964,2024-08-26,Automated job
450,payment_schedule,750,UPDATE,emp370,2019-07-08,Corrected amount
451,loans,298,DELETE,system,2019-05-29,Updated status
452,loans,888,INSERT,emp266,2020-08-20,Removed duplicate
453,loan_applications,152,UPDATE,system,2023-12-03,Removed duplicate
454,loan_products,241,INSERT,emp753,2025-04-26,Updated status
455,customers,357,UPDATE,admin,2020-07-19,Created record
456,employees,127,DELETE,admin,2020-09-26,Removed duplicate
457,accounts,965,INSERT,system,2023-04-07,Automated job
458,branches,524,INSERT,emp761,2020-05-15,Corrected amount
459,loans,758,INSERT,emp79,2018-11-10,Created record
460,customers,968,DELETE,emp563,2025-06-07,Created record
461,accounts,599,DELETE,emp219,2020-04-26,Created record
462,employees,193,DELETE,admin,2024-10-12,Created record
463,employees,842,INSERT,emp166,2023-09-21,Updated status
464,employees,673,DELETE,admin,2025-02-17,Created record
465,loan_products,273,INSERT,system,2025-03-24,Automated job
466,employees,184,DELETE,system,2023-09-02,Automated job
467,customers,372,DELETE,system,2023-06-14,Automated job
468,employees,513,INSERT,system,2024-03-29,Removed duplicate
469,branches,183,UPDATE,system,2020-12-06,Corrected amount
470,loans,951,INSERT,system,2024-06-12,Automated job
471,payments,279,DELETE,emp280,2024-07-19,Updated status
472,accounts,30,INSERT,emp591,2023-06-08,Corrected amount
473,payment_schedule,149,INSERT,admin,2020-12-15,Automated job
474,branches,93,UPDATE,system,2024-01-25,Automated job
475,loan_applications,845,UPDATE,admin,2025-07-20,Automated job
476,loan_products,344,DELETE,system,2023-09-18,Removed duplicate
477,employees,694,DELETE,emp738,2021-01-23,Created record
478,payments,855,UPDATE,system,2021-10-26,Corrected amount
479,loans,248,UPDATE,admin,2020-02-11,Updated status
480,employees,195,INSERT,system,2025-08-27,Removed duplicate
481,branches,519,DELETE,emp73,2023-04-26,Corrected amount
482,payments,418,INSERT,admin,2021-04-08,Corrected amount
483,employees,399,UPDATE,admin,2021-01-03,Automated job
484,branches,538,DELETE,admin,2021-12-06,Removed duplicate
485,loan_products,51,UPDATE,system,2019-04-22,Created record
486,payment_schedule,890,INSERT,emp962,2019-11-15,Updated status
487,loans,916,DELETE,emp428,2022-03-25,Corrected amount
488,loans,875,UPDATE,emp178,2024-08-02,Corrected amount
489,customers,610,DELETE,system,2020-05-28,Removed duplicate
490,customers,822,DELETE,admin,2023-10-07,Corrected amount
491,payments,738,INSERT,emp546,2023-07-24,Corrected amount
492,loans,451,DELETE,system,2022-07-08,Automated job
493,accounts,443,DELETE,system,2024-09-17,Created record
494,branches,934,DELETE,admin,2023-05-06,Updated status
495,branches,227,UPDATE,admin,2018-05-24,Removed duplicate
496,customers,282,UPDATE,system,2020-05-30,Updated status
497,credit_reports,956,INSERT,admin,2025-08-25,Removed duplicate
498,branches,329,UPDATE,emp346,2019-03-28,Updated status
499,loan_applications,200,UPDATE,emp885,2019-01-01,Removed duplicate
500,accounts,999,DELETE,admin,2021-03-28,Automated job
501,employees,713,INSERT,admin,2023-09-06,Corrected amount
502,payments,763,UPDATE,emp21,2022-05-22,Created record
503,branches,126,UPDATE,admin,2021-08-03,Updated status
504,payments,213,INSERT,emp214,2018-07-08,Removed duplicate
505,loans,481,UPDATE,admin,2024-02-23,Corrected amount
506,employees,145,INSERT,system,2019-07-05,Created record
507,employees,93,DELETE,system,2023-09-23,Updated status
508,accounts,169,UPDATE,admin,2021-05-27,Created record
509,employees,800,DELETE,emp559,2021-03-04,Automated job
510,customers,830,DELETE,admin,2020-11-15,Created record
511,employees,842,DELETE,emp706,2023-03-13,Created record
512,loan_applications,978,DELETE,emp906,2020-03-03,Created record
513,payment_schedule,539,INSERT,admin,2024-04-14,Updated status
514,customers,425,DELETE,system,2020-05-09,Automated job
515,payment_schedule,443,INSERT,system,2019-03-04,Automated job
516,payments,653,DELETE,emp778,2021-07-23,Corrected amount
517,accounts,989,INSERT,system,2021-03-15,Corrected amount
518,customers,114,UPDATE,admin,2023-01-06,Updated status
519,customers,271,DELETE,system,2024-09-05,Updated status
520,loan_products,897,DELETE,admin,2024-01-21,Created record
521,customers,76,INSERT,emp254,2022-10-03,Removed duplicate
522,loan_products,701,INSERT,emp742,2021-09-20,Corrected amount
523,payment_schedule,960,INSERT,emp851,2022-12-03,Updated status
524,customers,463,DELETE,emp719,2021-01-15,Created record
525,payment_schedule,853,DELETE,admin,2023-12-25,Removed duplicate
526,employees,222,UPDATE,emp277,2019-09-10,Updated status
527,loan_applications,578,INSERT,emp409,2019-06-07,Automated job
528,customers,463,UPDATE,system,2020-12-01,Automated job
529,credit_reports,39,INSERT,emp290,2018-10-05,Created record
530,accounts,605,DELETE,admin,2021-09-29,Removed duplicate
531,employees,728,INSERT,admin,2024-05-29,Removed duplicate
532,employees,936,DELETE,system,2022-12-17,Automated job
533,loan_applications,843,DELETE,admin,2020-02-07,Removed duplicate
534,loan_applications,398,DELETE,emp732,2023-07-17,Automated job
535,branches,732,DELETE,admin,2025-08-17,Automated job
536,loans,833,INSERT,admin,2024-06-19,Automated job
537,payments,970,DELETE,admin,2018-10-16,Created record
538,loan_products,927,INSERT,emp414,2021-02-22,Created record
539,loan_applications,84,DELETE,admin,2019-09-06,Removed duplicate
540,payment_schedule,794,UPDATE,system,2020-10-30,Corrected amount
541,employees,708,INSERT,admin,2019-12-31,Updated status
542,loans,24,UPDATE,admin,2022-04-14,Removed duplicate
543,credit_reports,513,DELETE,emp863,2022-03-14,Automated job
544,loans,269,UPDATE,emp294,2018-01-31,Created record
545,accounts,546,DELETE,emp754,2020-07-08,Corrected amount
546,payments,678,UPDATE,emp887,2021-04-28,Updated status
547,credit_reports,198,DELETE,admin,2023-10-06,Created record
548,loan_products,252,DELETE,emp473,2025-05-27,Corrected amount
549,loans,549,DELETE,system,2018-05-11,Automated job
550,payments,622,UPDATE,system,2020-07-01,Automated job
551,loans,240,DELETE,system,2019-03-23,Updated status
552,accounts,13,UPDATE,emp141,2021-07-25,Automated job
553,branches,338,UPDATE,emp6,2020-01-24,Updated status
554,payment_schedule,508,DELETE,emp37,2019-11-23,Created record
555,payments,801,DELETE,emp878,2023-03-16,Automated job
556,customers,61,UPDATE,system,2018-02-12,Automated job
557,employees,285,INSERT,emp587,2024-04-14,Corrected amount
558,loans,376,INSERT,admin,2024-07-31,Updated status
559,loans,799,INSERT,admin,2023-12-12,Updated status
560,accounts,821,UPDATE,admin,2024-08-23,Created record
561,payments,41,DELETE,emp393,2018-01-01,Automated job
562,loan_applications,326,DELETE,system,2018-08-13,Corrected amount
563,loan_products,593,INSERT,system,2018-01-08,Removed duplicate
564,payment_schedule,101,UPDATE,emp861,2019-05-23,Automated job
565,accounts,187,INSERT,emp295,2020-07-07,Updated status
566,loan_applications,64,INSERT,emp27,2020-09-29,Updated status
567,loan_applications,900,DELETE,admin,2019-05-11,Updated status
568,accounts,949,DELETE,system,2023-09-09,Created record
569,credit_reports,192,UPDATE,system,2018-05-29,Updated status
570,accounts,103,DELETE,admin,2018-12-14,Removed duplicate
571,employees,54,DELETE,emp779,2024-09-22,Automated job
572,loans,230,DELETE,emp146,2018-01-01,Corrected amount
573,accounts,515,DELETE,admin,2020-01-04,Automated job
574,employees,818,UPDATE,admin,2020-10-07,Corrected amount
575,loan_products,729,DELETE,admin,2021-06-01,Created record
576,customers,967,DELETE,admin,2018-12-22,Removed duplicate
577,employees,248,INSERT,emp681,2024-09-01,Created record
578,loan_products,357,UPDATE,emp822,2019-04-12,Removed duplicate
579,customers,54,INSERT,system,2019-03-26,Created record
580,credit_reports,691,DELETE,emp535,2018-04-23,Removed duplicate
581,payment_schedule,681,UPDATE,emp390,2025-04-06,Created record
582,customers,631,DELETE,admin,2019-12-24,Removed duplicate
583,loan_applications,444,UPDATE,admin,2025-06-30,Automated job
584,loan_applications,625,UPDATE,system,2025-02-26,Updated status
585,branches,762,DELETE,system,2021-12-07,Removed duplicate
586,customers,634,DELETE,system,2022-12-27,Created record
587,accounts,476,DELETE,system,2018-03-19,Created record
588,payments,23,UPDATE,system,2019-06-19,Corrected amount
589,loan_applications,255,DELETE,emp766,2021-06-21,Automated job
590,customers,826,INSERT,admin,2020-03-20,Created record
591,payments,570,UPDATE,admin,2023-09-19,Removed duplicate
592,employees,848,INSERT,emp589,2018-09-06,Updated status
593,accounts,557,DELETE,system,2018-07-04,Corrected amount
594,customers,145,UPDATE,emp769,2022-10-22,Removed duplicate
595,payment_schedule,328,DELETE,emp63,2021-07-31,Removed duplicate
596,accounts,170,UPDATE,admin,2020-12-08,Automated job
597,loan_products,638,INSERT,emp418,2021-04-04,Corrected amount
598,loans,724,UPDATE,emp563,2021-03-05,Removed duplicate
599,branches,350,DELETE,system,2021-05-18,Automated job
600,customers,694,INSERT,system,2019-08-20,Automated job
601,loan_products,175,UPDATE,admin,2019-01-26,Corrected amount
602,payments,229,UPDATE,system,2020-07-11,Updated status
603,credit_reports,838,INSERT,admin,2025-02-21,Updated status
604,employees,616,UPDATE,admin,2025-04-23,Updated status
605,loan_applications,121,INSERT,emp730,2018-07-24,Automated job
606,loans,705,INSERT,admin,2022-01-27,Removed duplicate
607,payment_schedule,347,DELETE,emp537,2020-02-14,Corrected amount
608,payment_schedule,54,UPDATE,system,2022-11-26,Corrected amount
609,loan_applications,81,DELETE,system,2020-11-18,Updated status
610,loan_applications,966,INSERT,system,2025-07-01,Corrected amount
611,accounts,774,DELETE,admin,2022-03-04,Corrected amount
612,loans,375,UPDATE,admin,2018-12-22,Updated status
613,loan_applications,75,INSERT,system,2024-05-25,Corrected amount
614,credit_reports,926,UPDATE,emp932,2020-01-23,Automated job
615,payments,145,DELETE,admin,2021-10-04,Automated job
616,customers,895,UPDATE,system,2024-09-22,Removed duplicate
617,payments,4,UPDATE,system,2025-04-02,Corrected amount
618,customers,582,UPDATE,system,2023-12-17,Removed duplicate
619,credit_reports,69,UPDATE,admin,2024-03-15,Updated status
620,employees,14,DELETE,admin,2024-04-27,Updated status
621,loan_applications,105,INSERT,emp108,2023-08-27,Automated job
622,credit_reports,391,INSERT,emp251,2018-12-09,Removed duplicate
623,payments,379,UPDATE,emp400,2025-01-20,Removed duplicate
624,payments,1,INSERT,admin,2021-04-24,Updated status
625,loan_applications,328,DELETE,emp874,2018-11-19,Corrected amount
626,payments,842,UPDATE,system,2025-06-22,Corrected amount
627,loans,736,UPDATE,system,2019-01-11,Corrected amount
628,payments,1000,DELETE,system,2020-05-12,Corrected amount
629,accounts,707,DELETE,admin,2025-08-15,Automated job
630,payments,832,INSERT,system,2023-02-16,Corrected amount
631,loan_products,673,UPDATE,system,2022-01-30,Removed duplicate
632,payments,770,UPDATE,system,2022-07-05,Corrected amount
633,customers,407,INSERT,system,2022-01-04,Corrected amount
634,payments,118,UPDATE,emp119,2018-08-17,Removed duplicate
635,employees,471,DELETE,admin,2020-07-12,Automated job
636,loans,288,DELETE,system,2019-09-25,Updated status
637,credit_reports,291,INSERT,admin,2019-12-07,Automated job
638,loans,86,UPDATE,emp426,2023-11-28,Updated status
639,accounts,613,UPDATE,system,2025-01-27,Corrected amount
640,employees,512,DELETE,emp221,2020-10-09,Removed duplicate
641,branches,119,INSERT,system,2024-01-12,Removed duplicate
642,accounts,393,DELETE,system,2020-05-29,Corrected amount
643,loans,38,INSERT,admin,2019-02-13,Removed duplicate
644,loan_applications,943,UPDATE,admin,2024-01-22,Created record
645,payments,112,DELETE,system,2022-04-14,Corrected amount
646,accounts,386,INSERT,admin,2025-07-01,Corrected amount
647,customers,924,UPDATE,system,2018-04-16,Updated status
648,payments,898,INSERT,emp678,2021-03-05,Updated status
649,employees,415,INSERT,system,2019-02-08,Automated job
650,accounts,90,UPDATE,system,2022-05-06,Corrected amount
651,employees,429,UPDATE,admin,2018-08-17,Removed duplicate
652,branches,954,UPDATE,emp925,2023-08-02,Removed duplicate
653,loans,950,DELETE,system,2022-03-10,Removed duplicate
654,employees,77,UPDATE,admin,2022-11-07,Removed duplicate
655,loan_applications,710,DELETE,system,2025-01-19,Created record
656,employees,262,INSERT,emp920,2019-10-09,Removed duplicate
657,loan_products,970,DELETE,admin,2019-06-05,Updated status
658,payment_schedule,882,DELETE,system,2021-10-21,Removed duplicate
659,loans,274,DELETE,admin,2018-12-24,Removed duplicate
660,employees,278,DELETE,emp736,2022-09-28,Created record
661,credit_reports,820,DELETE,emp652,2018-04-16,Automated job
662,loans,941,DELETE,admin,2018-10-18,Automated job
663,payments,209,DELETE,emp654,2023-07-05,Created record
664,payments,648,INSERT,emp767,2021-12-07,Removed duplicate
665,employees,993,UPDATE,system,2020-03-02,Updated status
666,branches,546,UPDATE,admin,2024-01-03,Updated status
667,payments,59,UPDATE,system,2020-01-19,Corrected amount
668,loan_applications,427,DELETE,emp586,2018-09-18,Created record
669,loan_applications,14,DELETE,admin,2022-12-11,Corrected amount
670,payments,219,DELETE,admin,2018-04-26,Corrected amount
671,branches,827,UPDATE,system,2019-02-05,Removed duplicate
672,employees,406,UPDATE,admin,2025-07-28,Created record
673,loan_applications,819,INSERT,emp407,2021-09-04,Corrected amount
674,loan_applications,199,DELETE,system,2018-12-28,Created record
675,credit_reports,804,DELETE,emp806,2023-10-11,Automated job
676,customers,323,DELETE,system,2025-08-17,Automated job
677,accounts,369,DELETE,system,2018-08-08,Updated status
678,credit_reports,782,DELETE,admin,2023-02-27,Created record
679,loan_applications,552,DELETE,emp613,2023-02-21,Automated job
680,payments,347,DELETE,system,2021-01-05,Corrected amount
681,customers,351,DELETE,emp449,2025-04-24,Created record
682,loan_products,606,DELETE,system,2019-06-26,Removed duplicate
683,employees,785,UPDATE,system,2025-08-15,Removed duplicate
684,loans,850,UPDATE,admin,2025-03-06,Removed duplicate
685,employees,234,UPDATE,emp220,2022-01-09,Created record
686,accounts,530,INSERT,emp422,2022-11-29,Automated job
687,employees,235,INSERT,system,2020-09-19,Updated status
688,loan_applications,894,DELETE,system,2022-06-10,Automated job
689,payments,404,DELETE,admin,2021-09-27,Removed duplicate
690,branches,750,DELETE,emp648,2019-04-14,Corrected amount
691,branches,862,DELETE,system,2020-04-16,Created record
692,employees,158,DELETE,emp182,2021-08-10,Removed duplicate
693,loans,127,INSERT,emp269,2020-09-07,Corrected amount
694,customers,91,INSERT,system,2023-06-20,Corrected amount
695,accounts,840,INSERT,admin,2023-12-31,Removed duplicate
696,customers,390,DELETE,admin,2024-11-09,Removed duplicate
697,accounts,807,DELETE,admin,2023-01-14,Created record
698,accounts,259,UPDATE,system,2021-09-02,Updated status
699,loan_products,692,INSERT,system,2025-03-03,Automated job
700,branches,490,INSERT,admin,2024-06-22,Removed duplicate
701,branches,563,DELETE,system,2021-06-07,Corrected amount
702,payments,660,UPDATE,admin,2020-07-14,Corrected amount
703,loan_applications,976,DELETE,system,2018-10-18,Removed duplicate
704,loan_products,963,UPDATE,admin,2025-03-19,Removed duplicate
705,loan_applications,252,UPDATE,system,2025-08-12,Created record
706,customers,769,DELETE,emp689,2020-09-20,Updated status
707,loan_applications,72,INSERT,emp195,2020-07-22,Removed duplicate
708,accounts,164,UPDATE,system,2022-12-13,Updated status
709,branches,556,INSERT,admin,2018-06-23,Updated status
710,loans,30,INSERT,admin,2021-01-18,Updated status
711,branches,410,INSERT,admin,2024-11-04,Corrected amount
712,customers,282,INSERT,admin,2021-09-14,Created record
713,employees,676,UPDATE,admin,2024-04-05,Updated status
714,loans,75,INSERT,system,2020-10-06,Removed duplicate
715,accounts,564,UPDATE,system,2020-08-15,Updated status
716,payment_schedule,396,UPDATE,system,2022-10-22,Removed duplicate
717,accounts,631,INSERT,emp56,2023-06-23,Updated status
718,accounts,15,INSERT,admin,2023-01-30,Removed duplicate
719,credit_reports,868,UPDATE,system,2020-08-09,Automated job
720,loans,18,DELETE,emp531,2022-03-04,Removed duplicate
721,customers,290,UPDATE,admin,2021-10-12,Corrected amount
722,payment_schedule,168,DELETE,system,2025-02-08,Automated job
723,accounts,644,UPDATE,emp177,2018-07-12,Automated job
724,payment_schedule,240,DELETE,system,2021-02-27,Removed duplicate
725,payment_schedule,763,DELETE,admin,2020-08-09,Created record
726,loan_products,534,UPDATE,emp843,2024-01-04,Created record
727,customers,377,DELETE,emp963,2024-06-07,Updated status
728,loan_applications,785,UPDATE,system,2018-02-06,Created record
729,payment_schedule,186,UPDATE,admin,2023-10-10,Updated status
730,employees,769,UPDATE,admin,2023-11-23,Automated job
731,credit_reports,648,INSERT,emp699,2023-10-06,Created record
732,loan_applications,223,UPDATE,system,2022-12-23,Created record
733,payments,508,DELETE,system,2022-12-24,Automated job
734,branches,353,DELETE,admin,2021-06-23,Corrected amount
735,loan_applications,807,INSERT,emp600,2022-02-27,Automated job
736,loans,968,UPDATE,emp595,2021-03-21,Automated job
737,customers,572,UPDATE,system,2024-05-31,Updated status
738,loan_products,667,DELETE,emp587,2019-02-05,Created record
739,loan_applications,534,UPDATE,admin,2022-06-26,Automated job
740,payment_schedule,823,UPDATE,admin,2021-02-19,Created record
741,payments,331,DELETE,emp511,2020-12-01,Created record
742,accounts,922,DELETE,system,2021-07-02,Created record
743,customers,335,UPDATE,emp422,2019-06-16,Removed duplicate
744,loans,865,UPDATE,emp434,2018-05-11,Updated status
745,loans,930,DELETE,admin,2023-07-12,Automated job
746,employees,346,INSERT,system,2024-03-09,Removed duplicate
747,employees,401,UPDATE,emp924,2022-10-14,Created record
748,payments,944,INSERT,emp887,2019-04-01,Updated status
749,payment_schedule,330,DELETE,emp440,2022-01-06,Corrected amount
750,accounts,626,DELETE,admin,2021-05-07,Corrected amount
751,loan_products,558,DELETE,emp357,2024-09-15,Automated job
752,employees,526,INSERT,emp708,2023-05-24,Removed duplicate
753,accounts,809,DELETE,admin,2018-08-27,Automated job
754,accounts,938,INSERT,emp497,2018-04-24,Corrected amount
755,employees,12,INSERT,emp203,2024-10-22,Automated job
756,customers,284,UPDATE,emp726,2019-09-16,Removed duplicate
757,loans,132,UPDATE,admin,2023-06-28,Corrected amount
758,loan_products,106,UPDATE,system,2024-06-06,Removed duplicate
759,customers,964,INSERT,system,2018-10-16,Created record
760,payment_schedule,686,UPDATE,system,2019-05-04,Removed duplicate
761,loan_applications,120,DELETE,admin,2020-03-23,Automated job
762,branches,609,UPDATE,admin,2023-03-19,Automated job
763,payments,902,INSERT,admin,2024-06-08,Created record
764,loans,572,INSERT,admin,2021-02-22,Corrected amount
765,branches,858,INSERT,admin,2018-07-06,Automated job
766,payments,341,DELETE,admin,2024-01-30,Automated job
767,customers,289,DELETE,emp656,2022-03-15,Corrected amount
768,branches,872,DELETE,system,2024-02-26,Corrected amount
769,loans,868,INSERT,admin,2022-01-24,Corrected amount
770,loans,516,UPDATE,system,2025-07-06,Corrected amount
771,employees,463,UPDATE,admin,2022-08-04,Removed duplicate
772,employees,320,UPDATE,emp661,2024-08-20,Updated status
773,credit_reports,836,INSERT,emp883,2020-04-10,Removed duplicate
774,loan_applications,193,INSERT,system,2025-05-22,Corrected amount
775,branches,533,INSERT,admin,2021-05-10,Corrected amount
776,credit_reports,576,DELETE,emp985,2019-08-21,Created record
777,credit_reports,144,UPDATE,system,2024-11-04,Automated job
778,loan_products,586,INSERT,system,2023-05-06,Automated job
779,employees,837,UPDATE,system,2023-12-15,Updated status
780,employees,82,INSERT,system,2019-08-31,Automated job
781,customers,29,INSERT,admin,2018-07-15,Removed duplicate
782,loans,293,UPDATE,system,2019-09-16,Created record
783,accounts,893,INSERT,system,2019-09-22,Corrected amount
784,credit_reports,225,UPDATE,emp425,2024-11-01,Updated status
785,branches,435,UPDATE,system,2020-12-02,Corrected amount
786,employees,903,DELETE,admin,2022-09-19,Removed duplicate
787,branches,945,INSERT,emp451,2022-12-07,Created record
788,employees,845,INSERT,system,2022-02-04,Removed duplicate
789,loan_applications,240,DELETE,admin,2019-06-13,Corrected amount
790,customers,569,UPDATE,emp705,2023-02-23,Created record
791,loan_products,487,DELETE,emp789,2025-08-02,Automated job
792,loan_applications,875,DELETE,system,2024-12-05,Created record
793,employees,736,DELETE,admin,2018-11-28,Automated job
794,accounts,821,UPDATE,admin,2018-12-29,Corrected amount
795,loan_products,542,DELETE,system,2019-07-24,Updated status
796,loan_applications,478,DELETE,emp274,2023-08-25,Removed duplicate
797,employees,589,UPDATE,emp489,2021-11-12,Removed duplicate
798,loans,780,INSERT,emp10,2018-03-18,Corrected amount
799,accounts,724,INSERT,admin,2021-04-08,Created record
800,employees,672,UPDATE,system,2023-10-15,Corrected amount
801,branches,830,INSERT,system,2018-01-17,Automated job
802,employees,961,INSERT,system,2022-09-29,Updated status
803,employees,56,INSERT,system,2025-02-07,Corrected amount
804,loans,223,UPDATE,admin,2020-03-06,Removed duplicate
805,employees,142,INSERT,admin,2021-01-31,Removed duplicate
806,customers,96,INSERT,admin,2018-03-15,Corrected amount
807,employees,926,DELETE,emp719,2025-01-01,Updated status
808,payments,398,DELETE,emp167,2022-05-08,Updated status
809,branches,97,INSERT,emp297,2019-02-21,Corrected amount
810,accounts,448,INSERT,emp32,2024-08-22,Automated job
811,payments,135,DELETE,emp113,2024-03-06,Created record
812,loan_applications,123,DELETE,admin,2023-11-03,Automated job
813,loans,197,UPDATE,emp605,2020-02-25,Corrected amount
814,loans,690,UPDATE,system,2021-02-28,Removed duplicate
815,accounts,305,UPDATE,admin,2019-05-26,Automated job
816,accounts,547,INSERT,emp742,2020-05-23,Automated job
817,loan_products,808,UPDATE,emp153,2019-06-17,Automated job
818,loans,659,INSERT,emp634,2023-02-17,Corrected amount
819,credit_reports,95,INSERT,admin,2023-04-19,Created record
820,loan_applications,945,UPDATE,system,2018-04-21,Corrected amount
821,credit_reports,498,UPDATE,emp361,2020-01-20,Corrected amount
822,loan_products,944,INSERT,admin,2018-06-16,Removed duplicate
823,branches,816,INSERT,admin,2021-05-11,Automated job
824,loan_products,285,DELETE,emp108,2023-04-09,Created record
825,accounts,838,DELETE,admin,2024-05-03,Removed duplicate
826,accounts,769,UPDATE,emp758,2022-04-17,Created record
827,customers,283,UPDATE,system,2021-11-01,Removed duplicate
828,credit_reports,144,UPDATE,system,2020-08-01,Removed duplicate
829,loan_applications,466,INSERT,system,2024-06-15,Corrected amount
830,loan_applications,462,INSERT,system,2021-01-27,Automated job
831,accounts,741,INSERT,emp168,2022-03-27,Automated job
832,loans,959,INSERT,admin,2025-02-22,Updated status
833,employees,612,INSERT,emp947,2018-09-04,Automated job
834,loan_products,796,INSERT,admin,2023-09-24,Corrected amount
835,payments,885,UPDATE,emp763,2019-07-05,Automated job
836,accounts,934,INSERT,admin,2021-12-23,Updated status
837,accounts,23,UPDATE,system,2018-05-24,Created record
838,loan_applications,883,UPDATE,admin,2024-06-12,Removed duplicate
839,accounts,571,INSERT,emp439,2023-07-02,Removed duplicate
840,accounts,270,UPDATE,emp71,2021-09-17,Automated job
841,payments,115,DELETE,emp930,2021-04-21,Corrected amount
842,accounts,624,UPDATE,system,2018-06-05,Corrected amount
843,loan_products,342,DELETE,admin,2018-02-22,Removed duplicate
844,branches,249,UPDATE,admin,2019-10-23,Removed duplicate
845,customers,913,UPDATE,emp78,2025-05-14,Corrected amount
846,branches,60,DELETE,system,2019-03-06,Automated job
847,loan_applications,251,UPDATE,admin,2019-01-29,Removed duplicate
848,accounts,765,UPDATE,admin,2024-11-24,Automated job
849,credit_reports,485,DELETE,system,2025-05-14,Updated status
850,employees,803,DELETE,emp737,2022-01-24,Corrected amount
851,loans,968,DELETE,system,2021-05-09,Updated status
852,payments,707,DELETE,admin,2019-06-19,Automated job
853,payments,396,UPDATE,emp990,2018-06-16,Automated job
854,customers,259,INSERT,admin,2024-02-24,Removed duplicate
855,accounts,788,DELETE,admin,2023-07-05,Corrected amount
856,accounts,950,INSERT,admin,2024-01-29,Automated job
857,customers,843,INSERT,admin,2020-03-03,Created record
858,customers,350,DELETE,system,2023-04-23,Automated job
859,employees,847,DELETE,system,2021-07-20,Automated job
860,payment_schedule,103,DELETE,emp820,2018-01-27,Created record
861,loan_applications,955,INSERT,emp169,2022-07-29,Corrected amount
862,payments,183,INSERT,admin,2022-10-20,Removed duplicate
863,loans,631,DELETE,system,2018-12-14,Automated job
864,credit_reports,731,INSERT,emp741,2020-01-14,Automated job
865,loans,612,UPDATE,admin,2023-09-24,Created record
866,loans,447,UPDATE,admin,2025-05-04,Updated status
867,branches,237,INSERT,emp355,2025-01-17,Updated status
868,loans,762,UPDATE,admin,2023-11-26,Created record
869,customers,474,INSERT,admin,2025-03-30,Updated status
870,loan_applications,480,DELETE,system,2020-08-16,Removed duplicate
871,loan_products,131,INSERT,system,2020-06-20,Updated status
872,loans,142,UPDATE,emp50,2018-10-08,Created record
873,loan_products,910,INSERT,emp940,2018-03-09,Removed duplicate
874,loan_applications,538,DELETE,admin,2025-05-16,Created record
875,employees,645,INSERT,emp171,2019-07-12,Corrected amount
876,loan_applications,765,DELETE,system,2021-12-05,Updated status
877,loan_products,62,INSERT,system,2025-03-01,Corrected amount
878,loans,183,INSERT,system,2018-07-29,Created record
879,employees,69,DELETE,admin,2023-03-06,Created record
880,loans,517,INSERT,system,2025-01-15,Created record
881,employees,995,DELETE,system,2018-04-06,Corrected amount
882,loan_products,170,INSERT,system,2018-09-02,Created record
883,loan_products,1000,INSERT,admin,2023-02-10,Corrected amount
884,branches,534,INSERT,system,2018-06-20,Updated status
885,branches,604,UPDATE,admin,2018-02-03,Removed duplicate
886,loan_products,292,DELETE,emp978,2023-07-12,Created record
887,employees,33,UPDATE,emp379,2021-05-26,Created record
888,payment_schedule,391,DELETE,admin,2019-05-11,Removed duplicate
889,loans,770,UPDATE,emp66,2024-05-07,Corrected amount
890,payments,813,UPDATE,admin,2020-09-07,Corrected amount
891,employees,837,INSERT,system,2020-07-22,Removed duplicate
892,loans,309,UPDATE,admin,2018-08-18,Corrected amount
893,loans,784,INSERT,emp700,2025-05-29,Corrected amount
894,accounts,346,INSERT,admin,2018-10-14,Removed duplicate
895,loan_applications,365,DELETE,emp432,2025-04-02,Removed duplicate
896,payment_schedule,864,INSERT,admin,2025-07-05,Corrected amount
897,loans,519,DELETE,emp75,2024-02-12,Corrected amount
898,loan_applications,462,UPDATE,system,2018-04-06,Removed duplicate
899,customers,370,UPDATE,system,2019-06-24,Removed duplicate
900,employees,60,DELETE,emp400,2018-05-19,Corrected amount
901,loans,797,INSERT,emp256,2023-04-21,Updated status
902,loan_applications,240,DELETE,admin,2019-08-13,Automated job
903,employees,330,DELETE,system,2024-01-06,Created record
904,customers,739,UPDATE,admin,2024-04-18,Removed duplicate
905,loan_products,942,UPDATE,emp620,2018-09-12,Automated job
906,loans,252,UPDATE,system,2021-09-02,Corrected amount
907,branches,765,UPDATE,admin,2019-02-12,Corrected amount
908,credit_reports,949,UPDATE,admin,2020-12-09,Corrected amount
909,employees,764,DELETE,system,2022-06-22,Updated status
910,employees,790,INSERT,system,2019-01-28,Automated job
911,loan_products,732,INSERT,emp548,2020-02-12,Corrected amount
912,credit_reports,973,INSERT,system,2020-01-09,Automated job
913,loans,474,UPDATE,admin,2023-02-03,Created record
914,loan_applications,379,DELETE,admin,2025-04-04,Removed duplicate
915,loan_products,940,UPDATE,emp24,2018-11-28,Updated status
916,loan_products,120,INSERT,admin,2025-01-06,Removed duplicate
917,customers,70,DELETE,admin,2024-10-16,Removed duplicate
918,loans,586,INSERT,admin,2018-08-24,Removed duplicate
919,accounts,145,UPDATE,system,2018-07-19,Created record
920,customers,877,UPDATE,emp967,2025-02-07,Corrected amount
921,customers,600,UPDATE,admin,2022-04-23,Removed duplicate
922,customers,343,INSERT,admin,2024-05-11,Created record
923,loans,835,UPDATE,system,2019-10-03,Automated job
924,customers,203,UPDATE,admin,2020-12-14,Created record
925,customers,675,INSERT,emp270,2024-07-09,Created record
926,loans,275,INSERT,admin,2019-03-03,Removed duplicate
927,customers,140,INSERT,system,2024-05-24,Removed duplicate
928,payments,33,DELETE,emp867,2021-09-08,Updated status
929,loan_applications,779,INSERT,admin,2024-08-17,Updated status
930,loans,128,DELETE,system,2023-01-10,Created record
931,payment_schedule,541,UPDATE,system,2018-07-07,Updated status
932,loan_applications,85,INSERT,system,2021-04-18,Corrected amount
933,accounts,124,UPDATE,system,2022-01-07,Created record
934,loan_applications,841,UPDATE,system,2018-05-08,Created record
935,accounts,263,DELETE,emp528,2023-09-23,Updated status
936,employees,551,INSERT,emp847,2018-12-02,Updated status
937,branches,148,DELETE,emp808,2021-07-29,Updated status
938,payments,959,INSERT,system,2025-05-24,Removed duplicate
939,accounts,587,UPDATE,system,2021-07-06,Removed duplicate
940,loan_products,748,DELETE,admin,2023-01-12,Updated status
941,loan_applications,17,INSERT,admin,2023-03-25,Updated status
942,employees,351,DELETE,admin,2025-03-20,Automated job
943,payment_schedule,604,DELETE,admin,2020-05-12,Created record
944,loan_applications,111,INSERT,admin,2024-04-03,Created record
945,accounts,525,INSERT,emp81,2021-09-13,Removed duplicate
946,employees,929,DELETE,admin,2020-03-18,Removed duplicate
947,employees,737,INSERT,system,2022-01-16,Automated job
948,employees,539,DELETE,emp908,2023-03-22,Removed duplicate
949,customers,432,INSERT,admin,2023-01-20,Created record
950,accounts,975,UPDATE,admin,2018-08-15,Removed duplicate
951,loan_applications,554,UPDATE,emp588,2024-11-01,Created record
952,accounts,980,DELETE,system,2020-12-25,Created record
953,loan_applications,277,DELETE,system,2020-04-28,Corrected amount
954,branches,188,DELETE,system,2021-07-05,Automated job
955,employees,58,DELETE,system,2019-03-20,Removed duplicate
956,loans,850,UPDATE,admin,2025-08-25,Updated status
957,loans,502,DELETE,emp2,2023-09-10,Created record
958,employees,779,DELETE,emp207,2018-09-07,Created record
959,customers,985,DELETE,admin,2022-05-28,Corrected amount
960,credit_reports,239,UPDATE,emp4,2019-05-17,Updated status
961,payments,832,DELETE,emp600,2023-11-21,Automated job
962,customers,664,INSERT,system,2024-06-01,Removed duplicate
963,employees,93,DELETE,admin,2020-06-16,Corrected amount
964,accounts,486,DELETE,system,2018-06-28,Created record
965,payments,105,INSERT,admin,2023-12-25,Removed duplicate
966,accounts,268,UPDATE,emp203,2019-05-21,Corrected amount
967,accounts,109,DELETE,emp968,2022-05-19,Corrected amount
968,accounts,185,UPDATE,admin,2018-02-08,Removed duplicate
969,payment_schedule,420,UPDATE,system,2022-01-03,Removed duplicate
970,loan_applications,555,UPDATE,system,2020-01-23,Automated job
971,employees,661,INSERT,system,2020-12-29,Automated job
972,customers,199,UPDATE,system,2022-08-27,Removed duplicate
973,employees,164,INSERT,emp720,2021-05-11,Automated job
974,customers,443,DELETE,system,2018-11-03,Corrected amount
975,loan_applications,486,DELETE,admin,2019-07-12,Created record
976,payments,981,INSERT,admin,2018-12-07,Updated status
977,payments,539,INSERT,admin,2018-07-15,Updated status
978,loans,591,UPDATE,system,2019-12-24,Updated status
979,customers,508,INSERT,admin,2018-11-11,Updated status
980,loan_applications,29,DELETE,emp729,2020-02-13,Removed duplicate
981,employees,532,DELETE,admin,2021-03-25,Automated job
982,accounts,507,DELETE,system,2023-05-03,Removed duplicate
983,payment_schedule,304,UPDATE,emp193,2021-04-02,Corrected amount
984,customers,118,DELETE,system,2022-02-06,Corrected amount
985,employees,554,UPDATE,emp488,2023-02-14,Removed duplicate
986,branches,267,INSERT,admin,2019-12-14,Automated job
987,employees,490,UPDATE,system,2019-01-05,Removed duplicate
988,credit_reports,279,UPDATE,admin,2024-04-16,Updated status
989,payments,219,INSERT,system,2018-06-14,Created record
990,credit_reports,172,DELETE,admin,2022-03-02,Corrected amount
991,payment_schedule,481,INSERT,emp170,2018-05-30,Removed duplicate
992,payments,986,INSERT,admin,2018-06-24,Automated job
993,branches,390,DELETE,system,2019-08-01,Updated status
994,accounts,654,UPDATE,admin,2023-05-28,Corrected amount
995,loan_applications,131,DELETE,admin,2024-01-07,Updated status
996,loan_products,565,UPDATE,system,2024-10-23,Automated job
997,branches,372,DELETE,system,2019-04-25,Automated job
998,credit_reports,526,INSERT,system,2021-04-25,Created record
999,employees,889,DELETE,emp535,2020-08-09,Corrected amount
1000,payments,463,INSERT,emp720,2022-09-28,Created record
