branch_id,branch_name,address,city,state,zip,manager_id,open_date
1,Branch-0001 East,5 Ring Road,Chennai,Tamil Nadu,761084,319,2019-03-30
2,Branch-0002 West,33 Market Road,Pimpri-Chinchwad,Gujarat,457666,743,2016-09-30
3,Branch-0003 Corporate,34 Ring Road,Vadodara,Rajasthan,166191,19,2020-01-20
4,Branch-0004 South,108 Market Road,Kolkata,Tamil Nadu,821715,240,2014-01-07
5,Branch-0005 Corporate,123 Ring Road,Patna,Tamil Nadu,705258,813,2014-11-07
6,Branch-0006 Corporate,51 Market Road,Kanpur,Madhya Pradesh,340047,726,2010-08-19
7,Branch-0007 North,127 Industrial Area,Mumbai,Tamil Nadu,635780,902,2004-04-15
8,Branch-0008 East,194 Market Road,Ghaziabad,Tamil Nadu,185257,542,2022-01-08
9,Branch-0009 East,156 Ring Road,Bengaluru,Rajasthan,508500,797,2008-08-31
10,Branch-0010 South,184 Market Road,Nagpur,Maharashtra,596759,253,2010-01-07
11,Branch-0011 Corporate,2 Ring Road,Nagpur,Madhya Pradesh,605993,576,2006-07-22
12,Branch-0012 South,83 Industrial Area,Kanpur,Madhya Pradesh,662361,205,2008-06-10
13,Branch-0013 West,156 Business Park,Lucknow,Maharashtra,871222,907,2008-09-28
14,Branch-0014 West,131 Ring Road,Pune,West Bengal,543538,718,2000-06-27
15,Branch-0015 South,68 Market Road,Ahmedabad,Gujarat,126511,30,2018-11-26
16,Branch-0016 Central,96 Industrial Area,Ahmedabad,Rajasthan,756293,392,2007-01-15
17,Branch-0017 West,115 Ring Road,Hyderabad,Gujarat,578091,283,2008-11-14
18,Branch-0018 Corporate,157 Industrial Area,Lucknow,Karnataka,714969,132,2014-06-24
19,Branch-0019 Central,33 Business Park,Kanpur,Uttar Pradesh,600277,378,2006-05-11
20,Branch-0020 South,186 Industrial Area,Patna,Maharashtra,759439,445,2014-07-12
21,Branch-0021 East,47 Ring Road,Ghaziabad,Maharashtra,774885,290,2014-07-14
22,Branch-0022 West,195 Business Park,Pimpri-Chinchwad,Maharashtra,857886,735,2005-11-30
23,Branch-0023 East,18 Business Park,Ahmedabad,Karnataka,207220,536,2007-04-30
24,Branch-0024 Corporate,62 Business Park,Nagpur,Tamil Nadu,454584,84,2018-07-05
25,Branch-0025 South,194 Business Park,Visakhapatnam,West Bengal,671590,64,2023-07-15
26,Branch-0026 East,166 Industrial Area,Ahmedabad,Uttar Pradesh,962816,92,2009-04-18
27,Branch-0027 East,42 Business Park,Jaipur,Telangana,350887,58,2001-01-31
28,Branch-0028 Central,166 Market Road,Visakhapatnam,Maharashtra,144224,225,2010-06-08
29,Branch-0029 North,37 Ring Road,Kanpur,West Bengal,892684,650,2017-10-02
30,Branch-0030 Central,132 Ring Road,Visakhapatnam,Maharashtra,802170,732,2018-08-12
31,Branch-0031 West,19 Business Park,Kolkata,Madhya Pradesh,137754,214,2010-04-18
32,Branch-0032 West,127 Business Park,Nagpur,Delhi,709834,903,2016-07-06
33,Branch-0033 West,44 Industrial Area,Kolkata,Karnataka,662277,8,2012-08-15
34,Branch-0034 South,144 Ring Road,Pimpri-Chinchwad,West Bengal,267628,855,2009-01-15
35,Branch-0035 West,67 Ring Road,Kolkata,Tamil Nadu,372988,403,2005-05-06
36,Branch-0036 Corporate,75 Industrial Area,Mumbai,Rajasthan,732677,991,2022-12-16
37,Branch-0037 East,54 Market Road,Hyderabad,Maharashtra,506272,824,2004-10-14
38,Branch-0038 Corporate,54 Market Road,Vadodara,Gujarat,973390,707,2009-08-12
39,Branch-0039 West,79 Ring Road,Bhopal,Maharashtra,779299,642,2010-04-23
40,Branch-0040 West,66 Market Road,Pimpri-Chinchwad,Maharashtra,424955,13,2009-09-15
41,Branch-0041 North,87 Market Road,Visakhapatnam,West Bengal,854942,336,2020-07-15
42,Branch-0042 East,156 Market Road,Visakhapatnam,Rajasthan,688072,612,2012-10-19
43,Branch-0043 Corporate,65 Business Park,Ghaziabad,Delhi,100283,874,2001-05-26
44,Branch-0044 West,14 Business Park,Jaipur,Maharashtra,418186,456,2017-02-09
45,Branch-0045 Corporate,147 Market Road,Hyderabad,Maharashtra,485928,221,2008-07-22
46,Branch-0046 East,191 Ring Road,Bengaluru,Gujarat,537766,670,2001-01-01
47,Branch-0047 South,199 Business Park,Hyderabad,Gujarat,248728,270,2020-06-30
48,Branch-0048 North,32 Business Park,Visakhapatnam,Karnataka,115040,116,2003-11-11
49,Branch-0049 Corporate,62 Industrial Area,Vadodara,Uttar Pradesh,386402,277,2001-01-04
50,Branch-0050 Corporate,146 Industrial Area,Bengaluru,Karnataka,325942,67,2017-10-31
51,Branch-0051 Corporate,98 Business Park,Delhi,Rajasthan,553496,851,2020-11-21
52,Branch-0052 East,46 Business Park,Vadodara,Maharashtra,788505,65,2012-08-06
53,Branch-0053 Corporate,74 Industrial Area,Kolkata,Gujarat,125598,688,2012-03-13
54,Branch-0054 North,62 Industrial Area,Mumbai,Maharashtra,690570,856,2019-07-12
55,Branch-0055 West,181 Industrial Area,Pune,Maharashtra,400434,373,2003-12-19
56,Branch-0056 West,96 Industrial Area,Visakhapatnam,Uttar Pradesh,271856,383,2016-08-26
57,Branch-0057 Corporate,143 Market Road,Kanpur,Tamil Nadu,526772,179,2018-01-08
58,Branch-0058 South,121 Ring Road,Lucknow,Karnataka,953779,689,2022-03-08
59,Branch-0059 Corporate,140 Industrial Area,Nagpur,West Bengal,190644,617,2011-05-11
60,Branch-0060 North,87 Ring Road,Bhopal,Rajasthan,890315,553,2007-05-15
61,Branch-0061 Central,89 Market Road,Ghaziabad,Tamil Nadu,666452,648,2007-02-25
62,Branch-0062 West,37 Market Road,Indore,Delhi,963442,430,2005-01-07
63,Branch-0063 West,141 Business Park,Pimpri-Chinchwad,Delhi,703418,5,2011-06-05
64,Branch-0064 West,172 Market Road,Pune,Tamil Nadu,612942,120,2014-08-07
65,Branch-0065 Corporate,97 Industrial Area,Pimpri-Chinchwad,West Bengal,329713,591,2015-10-01
66,Branch-0066 Corporate,106 Business Park,Pune,Rajasthan,263264,855,2008-06-12
67,Branch-0067 Corporate,2 Business Park,Visakhapatnam,Karnataka,175714,712,2013-10-01
68,Branch-0068 North,195 Industrial Area,Lucknow,Telangana,668293,654,2004-05-01
69,Branch-0069 North,8 Business Park,Mumbai,Gujarat,226956,213,2008-04-30
70,Branch-0070 Corporate,20 Business Park,Jaipur,Rajasthan,224731,433,2016-01-14
71,Branch-0071 Corporate,105 Business Park,Ghaziabad,Gujarat,459839,398,2016-10-25
72,Branch-0072 North,79 Industrial Area,Ghaziabad,Madhya Pradesh,601680,651,2001-11-17
73,Branch-0073 Corporate,127 Business Park,Visakhapatnam,Tamil Nadu,468571,32,2011-06-22
74,Branch-0074 Corporate,123 Industrial Area,Patna,Delhi,543234,706,2015-09-30
75,Branch-0075 Corporate,127 Business Park,Indore,Maharashtra,611126,778,2003-11-23
76,Branch-0076 East,66 Business Park,Bengaluru,Telangana,859461,851,2004-03-20
77,Branch-0077 East,99 Ring Road,Pune,Madhya Pradesh,592075,36,2014-06-25
78,Branch-0078 South,143 Industrial Area,Kolkata,Madhya Pradesh,530552,98,2000-06-17
79,Branch-0079 Corporate,34 Business Park,Pimpri-Chinchwad,Rajasthan,172456,515,2008-02-17
80,Branch-0080 East,72 Industrial Area,Patna,Maharashtra,365503,600,2005-04-11
81,Branch-0081 Corporate,134 Industrial Area,Chennai,Rajasthan,407641,875,2007-04-20
82,Branch-0082 Central,76 Ring Road,Thane,Delhi,820169,159,2003-06-12
83,Branch-0083 North,125 Industrial Area,Pune,Maharashtra,506117,795,2007-12-03
84,Branch-0084 East,13 Ring Road,Chennai,Telangana,456589,887,2022-02-17
85,Branch-0085 North,184 Industrial Area,Hyderabad,Delhi,272420,143,2005-12-02
86,Branch-0086 Corporate,156 Business Park,Bhopal,Rajasthan,484487,814,2019-04-15
87,Branch-0087 Central,183 Ring Road,Patna,Delhi,538959,486,2001-07-03
88,Branch-0088 South,113 Industrial Area,Bengaluru,Delhi,191480,270,2016-01-16
89,Branch-0089 East,104 Market Road,Ahmedabad,Delhi,125280,166,2003-11-16
90,Branch-0090 West,49 Market Road,Bhopal,Uttar Pradesh,491451,571,2011-10-19
91,Branch-0091 East,19 Market Road,Vadodara,West Bengal,221477,574,2001-10-13
92,Branch-0092 North,53 Market Road,Lucknow,Karnataka,882911,719,2017-07-11
93,Branch-0093 Central,97 Business Park,Pimpri-Chinchwad,Maharashtra,218229,538,2011-12-05
94,Branch-0094 West,137 Business Park,Lucknow,Karnataka,435050,943,2010-12-06
95,Branch-0095 East,56 Market Road,Visakhapatnam,Rajasthan,601989,220,2004-06-10
96,Branch-0096 North,101 Business Park,Ahmedabad,Karnataka,999516,523,2006-07-10
97,Branch-0097 Central,124 Business Park,Vadodara,Karnataka,359069,642,2018-07-19
98,Branch-0098 Corporate,94 Market Road,Jaipur,West Bengal,162571,771,2019-05-16
99,Branch-0099 Central,84 Industrial Area,Mumbai,Telangana,804282,744,2016-10-05
100,Branch-0100 East,117 Market Road,Ahmedabad,Rajasthan,744764,973,2022-11-09
101,Branch-0101 East,167 Market Road,Pune,Madhya Pradesh,646579,295,2022-04-20
102,Branch-0102 Central,112 Business Park,Thane,Delhi,688971,87,2006-07-12
103,Branch-0103 Corporate,12 Ring Road,Jaipur,West Bengal,394475,476,2015-04-26
104,Branch-0104 South,139 Ring Road,Lucknow,Rajasthan,636283,500,2017-04-26
105,Branch-0105 Corporate,152 Market Road,Visakhapatnam,Tamil Nadu,195407,709,2021-12-18
106,Branch-0106 South,138 Business Park,Jaipur,Gujarat,384427,896,2012-12-17
107,Branch-0107 West,133 Market Road,Kanpur,Tamil Nadu,351044,580,2008-07-30
108,Branch-0108 South,80 Market Road,Kanpur,Uttar Pradesh,808942,422,2012-06-29
109,Branch-0109 South,155 Industrial Area,Kolkata,Madhya Pradesh,925117,143,2013-03-26
110,Branch-0110 North,177 Ring Road,Patna,Uttar Pradesh,436742,210,2020-10-02
111,Branch-0111 West,135 Market Road,Hyderabad,Gujarat,769615,253,2009-03-24
112,Branch-0112 West,164 Ring Road,Chennai,Rajasthan,493214,252,2017-07-26
113,Branch-0113 East,185 Ring Road,Vadodara,Rajasthan,663513,350,2006-07-25
114,Branch-0114 South,157 Business Park,Jaipur,Delhi,494853,833,2017-08-19
115,Branch-0115 Central,19 Market Road,Jaipur,Rajasthan,576851,958,2012-06-05
116,Branch-0116 West,147 Industrial Area,Kolkata,Gujarat,153470,438,2021-12-16
117,Branch-0117 West,29 Industrial Area,Thane,West Bengal,428353,123,2006-04-08
118,Branch-0118 North,33 Ring Road,Delhi,Maharashtra,988327,72,2012-06-10
119,Branch-0119 Central,142 Ring Road,Ahmedabad,Delhi,879116,704,2018-12-26
120,Branch-0120 North,12 Business Park,Mumbai,Delhi,454005,640,2012-06-07
121,Branch-0121 South,112 Market Road,Pune,Telangana,748347,619,2011-12-19
122,Branch-0122 West,92 Market Road,Ahmedabad,Maharashtra,680607,599,2014-03-17
123,Branch-0123 North,45 Industrial Area,Kolkata,Uttar Pradesh,746233,18,2007-03-12
124,Branch-0124 Central,148 Ring Road,Visakhapatnam,Delhi,200331,253,2018-03-25
125,Branch-0125 North,63 Industrial Area,Ghaziabad,Karnataka,281973,940,2009-11-19
126,Branch-0126 South,29 Business Park,Pune,Gujarat,556333,594,2017-05-06
127,Branch-0127 East,56 Market Road,Hyderabad,Delhi,528379,730,2019-12-03
128,Branch-0128 East,40 Industrial Area,Ghaziabad,West Bengal,124145,555,2012-03-09
129,Branch-0129 North,174 Industrial Area,Thane,Uttar Pradesh,458915,330,2000-12-05
130,Branch-0130 East,131 Industrial Area,Bhopal,Madhya Pradesh,315450,382,2006-06-25
131,Branch-0131 Corporate,21 Industrial Area,Chennai,West Bengal,317192,224,2014-02-04
132,Branch-0132 South,105 Ring Road,Pune,Gujarat,342111,389,2021-01-25
133,Branch-0133 Central,177 Market Road,Bengaluru,Rajasthan,847707,820,2000-12-24
134,Branch-0134 East,148 Ring Road,Nagpur,West Bengal,121489,503,2019-07-28
135,Branch-0135 Corporate,116 Industrial Area,Bengaluru,West Bengal,367309,357,2010-04-02
136,Branch-0136 South,95 Ring Road,Visakhapatnam,Karnataka,276728,225,2023-03-14
137,Branch-0137 West,137 Market Road,Delhi,West Bengal,482281,50,2010-04-03
138,Branch-0138 Central,183 Market Road,Bengaluru,Madhya Pradesh,829088,567,2002-03-31
139,Branch-0139 South,22 Ring Road,Bhopal,Karnataka,407393,146,2019-07-21
140,Branch-0140 South,49 Market Road,Thane,Gujarat,274722,534,2002-12-30
141,Branch-0141 North,25 Business Park,Vadodara,Karnataka,402244,562,2021-02-03
142,Branch-0142 East,44 Market Road,Mumbai,Telangana,731907,730,2003-06-16
143,Branch-0143 Central,199 Business Park,Jaipur,Karnataka,659890,128,2020-09-30
144,Branch-0144 West,196 Ring Road,Chennai,Karnataka,659580,955,2008-05-18
145,Branch-0145 North,4 Ring Road,Chennai,Gujarat,638177,833,2000-12-05
146,Branch-0146 West,131 Business Park,Indore,Karnataka,275113,50,2021-01-15
147,Branch-0147 North,35 Market Road,Ghaziabad,Tamil Nadu,701740,802,2012-07-11
148,Branch-0148 East,64 Industrial Area,Chennai,Delhi,848085,255,2007-04-09
149,Branch-0149 Corporate,157 Business Park,Bengaluru,West Bengal,242505,1,2012-11-18
150,Branch-0150 East,137 Industrial Area,Indore,Uttar Pradesh,667771,744,2018-02-12
151,Branch-0151 West,121 Ring Road,Ghaziabad,Madhya Pradesh,853250,858,2018-03-05
152,Branch-0152 South,136 Industrial Area,Chennai,Uttar Pradesh,999601,512,2005-08-30
153,Branch-0153 Central,54 Business Park,Ghaziabad,Tamil Nadu,982844,306,2005-03-07
154,Branch-0154 West,107 Industrial Area,Indore,Gujarat,491772,25,2014-02-09
155,Branch-0155 East,52 Business Park,Kolkata,West Bengal,912721,654,2006-08-08
156,Branch-0156 East,153 Market Road,Lucknow,West Bengal,356368,146,2000-09-25
157,Branch-0157 North,114 Ring Road,Visakhapatnam,West Bengal,589002,730,2020-11-12
158,Branch-0158 South,54 Industrial Area,Ahmedabad,West Bengal,153840,252,2006-07-12
159,Branch-0159 Corporate,27 Ring Road,Nagpur,Maharashtra,467583,477,2017-05-04
160,Branch-0160 Corporate,112 Business Park,Ghaziabad,Gujarat,472007,841,2022-12-28
161,Branch-0161 West,124 Business Park,Visakhapatnam,Delhi,469604,340,2008-09-04
162,Branch-0162 South,131 Market Road,Mumbai,Delhi,253028,763,2012-02-04
163,Branch-0163 Central,8 Market Road,Pimpri-Chinchwad,Tamil Nadu,125312,460,2018-02-04
164,Branch-0164 South,158 Industrial Area,Nagpur,Madhya Pradesh,442406,292,2016-07-03
165,Branch-0165 Central,134 Business Park,Bhopal,Rajasthan,554461,782,2023-01-20
166,Branch-0166 Central,172 Business Park,Ahmedabad,West Bengal,446189,677,2019-09-24
167,Branch-0167 Corporate,186 Ring Road,Ahmedabad,Karnataka,899128,937,2008-10-21
168,Branch-0168 Central,159 Industrial Area,Jaipur,West Bengal,330935,43,2001-12-22
169,Branch-0169 South,5 Market Road,Kolkata,West Bengal,696948,199,2018-09-24
170,Branch-0170 North,111 Ring Road,Kolkata,Maharashtra,169445,168,2001-09-05
171,Branch-0171 South,188 Industrial Area,Bengaluru,Telangana,591055,938,2007-06-06
172,Branch-0172 Corporate,128 Business Park,Bengaluru,Rajasthan,951118,921,2015-05-17
173,Branch-0173 West,188 Ring Road,Visakhapatnam,Gujarat,705073,572,2024-07-30
174,Branch-0174 Corporate,86 Ring Road,Pimpri-Chinchwad,Karnataka,800188,699,2023-04-30
175,Branch-0175 Corporate,73 Market Road,Pune,Maharashtra,554949,495,2012-03-17
176,Branch-0176 South,132 Ring Road,Visakhapatnam,West Bengal,153777,975,2013-06-21
177,Branch-0177 South,29 Market Road,Patna,Telangana,985510,803,2009-10-27
178,Branch-0178 North,120 Market Road,Hyderabad,Uttar Pradesh,630415,372,2018-07-05
179,Branch-0179 Corporate,104 Industrial Area,Vadodara,Tamil Nadu,413612,84,2010-11-17
180,Branch-0180 North,161 Industrial Area,Bengaluru,Tamil Nadu,159667,447,2018-03-17
181,Branch-0181 East,41 Industrial Area,Visakhapatnam,Maharashtra,449999,961,2016-08-12
182,Branch-0182 Central,80 Market Road,Visakhapatnam,Rajasthan,515597,603,2009-08-07
183,Branch-0183 East,112 Market Road,Lucknow,Telangana,740231,824,2007-05-25
184,Branch-0184 South,42 Ring Road,Vadodara,West Bengal,994643,85,2004-07-07
185,Branch-0185 Central,23 Business Park,Ahmedabad,Uttar Pradesh,549359,505,2004-02-21
186,Branch-0186 Corporate,167 Market Road,Delhi,Maharashtra,594097,182,2001-06-19
187,Branch-0187 North,76 Ring Road,Nagpur,Madhya Pradesh,191771,42,2007-05-30
188,Branch-0188 South,86 Business Park,Delhi,Madhya Pradesh,186345,41,2000-01-04
189,Branch-0189 North,45 Industrial Area,Visakhapatnam,Delhi,380316,608,2013-01-26
190,Branch-0190 West,136 Business Park,Ghaziabad,Gujarat,245349,67,2020-09-26
191,Branch-0191 West,68 Market Road,Pimpri-Chinchwad,Delhi,620529,622,2010-01-14
192,Branch-0192 Corporate,74 Business Park,Indore,Tamil Nadu,797312,167,2021-03-15
193,Branch-0193 East,93 Ring Road,Lucknow,West Bengal,538272,827,2010-07-19
194,Branch-0194 South,172 Ring Road,Kolkata,Telangana,583694,153,2006-12-18
195,Branch-0195 Central,22 Business Park,Vadodara,Delhi,254853,111,2020-02-20
196,Branch-0196 North,40 Business Park,Lucknow,Tamil Nadu,821132,328,2010-09-24
197,Branch-0197 Corporate,125 Industrial Area,Thane,Delhi,775609,685,2013-07-27
198,Branch-0198 Corporate,55 Industrial Area,Delhi,Tamil Nadu,264134,401,2008-08-03
199,Branch-0199 South,18 Business Park,Delhi,Gujarat,508482,192,2022-04-27
200,Branch-0200 East,170 Industrial Area,Kanpur,Rajasthan,239359,836,2014-08-31
201,Branch-0201 Corporate,183 Industrial Area,Kanpur,Madhya Pradesh,833851,189,2000-05-01
202,Branch-0202 North,66 Industrial Area,Bengaluru,Rajasthan,450807,152,2001-11-19
203,Branch-0203 North,63 Industrial Area,Jaipur,Telangana,855797,185,2018-09-29
204,Branch-0204 Central,199 Business Park,Nagpur,Tamil Nadu,939079,630,2016-09-24
205,Branch-0205 South,2 Business Park,Visakhapatnam,Uttar Pradesh,311511,217,2006-08-18
206,Branch-0206 South,176 Ring Road,Pimpri-Chinchwad,West Bengal,654418,605,2008-10-27
207,Branch-0207 East,199 Business Park,Bhopal,Madhya Pradesh,673700,298,2024-03-02
208,Branch-0208 East,13 Ring Road,Kanpur,Maharashtra,527123,604,2002-10-25
209,Branch-0209 East,108 Industrial Area,Ghaziabad,Madhya Pradesh,342163,946,2014-02-19
210,Branch-0210 West,59 Industrial Area,Jaipur,Gujarat,783728,873,2001-09-26
211,Branch-0211 North,173 Ring Road,Indore,Gujarat,104493,544,2010-04-13
212,Branch-0212 Central,58 Industrial Area,Pune,West Bengal,102359,441,2002-02-21
213,Branch-0213 Central,72 Industrial Area,Mumbai,Uttar Pradesh,868344,814,2013-09-25
214,Branch-0214 West,171 Business Park,Visakhapatnam,Madhya Pradesh,323781,547,2012-11-24
215,Branch-0215 Central,62 Industrial Area,Patna,Tamil Nadu,285846,559,2008-12-25
216,Branch-0216 Central,177 Industrial Area,Bengaluru,Tamil Nadu,778264,252,2021-07-11
217,Branch-0217 Central,27 Market Road,Jaipur,Karnataka,789393,300,2011-07-14
218,Branch-0218 East,43 Industrial Area,Kolkata,Karnataka,478986,100,2012-12-14
219,Branch-0219 South,140 Business Park,Bengaluru,Karnataka,227339,874,2000-02-24
220,Branch-0220 North,18 Ring Road,Chennai,Delhi,902056,463,2015-02-21
221,Branch-0221 Central,130 Industrial Area,Pimpri-Chinchwad,Delhi,604618,685,2012-06-25
222,Branch-0222 Central,93 Business Park,Nagpur,Karnataka,506722,826,2008-06-28
223,Branch-0223 West,66 Business Park,Ghaziabad,Delhi,166514,167,2006-07-16
224,Branch-0224 South,43 Market Road,Visakhapatnam,Tamil Nadu,131236,349,2017-06-17
225,Branch-0225 East,28 Industrial Area,Kolkata,Karnataka,299380,636,2021-09-07
226,Branch-0226 West,193 Business Park,Pune,Rajasthan,684536,790,2020-07-15
227,Branch-0227 East,84 Ring Road,Kolkata,Maharashtra,138146,464,2008-06-08
228,Branch-0228 Central,148 Ring Road,Mumbai,Tamil Nadu,780228,347,2018-08-22
229,Branch-0229 Corporate,3 Ring Road,Bhopal,Delhi,240592,864,2004-04-21
230,Branch-0230 West,135 Business Park,Vadodara,Karnataka,596427,507,2015-04-14
231,Branch-0231 Central,161 Business Park,Kanpur,Telangana,427216,550,2019-02-03
232,Branch-0232 South,11 Business Park,Delhi,Gujarat,797118,988,2006-02-21
233,Branch-0233 Corporate,68 Industrial Area,Ahmedabad,Gujarat,456454,871,2018-06-25
234,Branch-0234 Central,137 Ring Road,Bengaluru,Rajasthan,423365,757,2013-06-13
235,Branch-0235 East,7 Business Park,Lucknow,Tamil Nadu,293751,729,2004-03-04
236,Branch-0236 North,136 Business Park,Nagpur,Delhi,199779,999,2011-11-07
237,Branch-0237 South,83 Business Park,Chennai,Madhya Pradesh,322623,597,2003-07-15
238,Branch-0238 North,14 Ring Road,Lucknow,Uttar Pradesh,891507,555,2003-07-29
239,Branch-0239 Corporate,142 Ring Road,Patna,Gujarat,205314,917,2018-02-08
240,Branch-0240 Central,81 Industrial Area,Bengaluru,Tamil Nadu,382117,759,2002-05-02
241,Branch-0241 North,19 Business Park,Vadodara,Maharashtra,212018,913,2021-05-24
242,Branch-0242 Central,122 Ring Road,Indore,Uttar Pradesh,212083,271,2007-02-14
243,Branch-0243 West,145 Market Road,Bengaluru,Tamil Nadu,276559,190,2004-08-28
244,Branch-0244 Corporate,6 Industrial Area,Kolkata,Karnataka,277596,756,2022-11-11
245,Branch-0245 North,106 Business Park,Pimpri-Chinchwad,Gujarat,704704,814,2008-05-30
246,Branch-0246 East,142 Market Road,Delhi,West Bengal,321257,628,2017-06-04
247,Branch-0247 North,137 Ring Road,Nagpur,Karnataka,524170,998,2018-06-17
248,Branch-0248 West,75 Ring Road,Pune,Madhya Pradesh,997727,911,2005-08-04
249,Branch-0249 Corporate,109 Ring Road,Ghaziabad,Rajasthan,101523,118,2018-03-11
250,Branch-0250 West,50 Ring Road,Ahmedabad,Madhya Pradesh,293313,834,2005-05-19
251,Branch-0251 Corporate,65 Market Road,Delhi,Telangana,362139,763,2002-02-01
252,Branch-0252 Corporate,20 Industrial Area,Ahmedabad,Telangana,389982,983,2005-01-19
253,Branch-0253 West,2 Market Road,Hyderabad,Maharashtra,533435,110,2015-04-24
254,Branch-0254 North,116 Market Road,Ahmedabad,Delhi,486669,333,2018-06-10
255,Branch-0255 East,170 Ring Road,Bhopal,Telangana,999422,651,2006-07-18
256,Branch-0256 North,101 Ring Road,Kolkata,Telangana,613711,501,2012-04-14
257,Branch-0257 East,14 Ring Road,Mumbai,West Bengal,586101,163,2002-10-03
258,Branch-0258 Central,193 Industrial Area,Pimpri-Chinchwad,Gujarat,313741,424,2004-12-14
259,Branch-0259 South,38 Ring Road,Jaipur,Karnataka,546853,788,2000-08-13
260,Branch-0260 East,197 Business Park,Vadodara,Rajasthan,464739,311,2010-01-23
261,Branch-0261 East,53 Ring Road,Visakhapatnam,West Bengal,382737,165,2021-07-19
262,Branch-0262 North,114 Market Road,Mumbai,Telangana,776562,498,2017-04-01
263,Branch-0263 North,143 Market Road,Hyderabad,Gujarat,856277,380,2023-06-01
264,Branch-0264 South,178 Business Park,Jaipur,Uttar Pradesh,938295,318,2018-02-09
265,Branch-0265 Central,18 Business Park,Pune,Gujarat,364344,830,2010-12-16
266,Branch-0266 Corporate,144 Market Road,Visakhapatnam,Uttar Pradesh,103534,153,2000-11-16
267,Branch-0267 South,198 Industrial Area,Vadodara,Tamil Nadu,101531,493,2008-09-03
268,Branch-0268 North,29 Ring Road,Thane,Gujarat,829837,824,2012-03-13
269,Branch-0269 West,53 Industrial Area,Ghaziabad,Madhya Pradesh,691419,366,2004-04-23
270,Branch-0270 East,122 Market Road,Pune,Tamil Nadu,148028,879,2015-01-29
271,Branch-0271 South,122 Market Road,Patna,Tamil Nadu,617105,234,2019-04-29
272,Branch-0272 West,6 Business Park,Hyderabad,Madhya Pradesh,243650,237,2018-06-04
273,Branch-0273 Central,54 Industrial Area,Thane,Uttar Pradesh,874494,75,2004-08-08
274,Branch-0274 Corporate,142 Industrial Area,Ahmedabad,Telangana,873874,220,2009-10-19
275,Branch-0275 South,26 Business Park,Jaipur,Maharashtra,716038,419,2005-05-24
276,Branch-0276 South,166 Industrial Area,Kolkata,Delhi,457369,946,2010-08-14
277,Branch-0277 West,32 Business Park,Jaipur,Madhya Pradesh,662971,765,2010-10-26
278,Branch-0278 Central,123 Ring Road,Patna,Karnataka,789225,776,2000-04-14
279,Branch-0279 East,57 Industrial Area,Kanpur,Delhi,193019,516,2010-04-15
280,Branch-0280 West,73 Business Park,Thane,Tamil Nadu,474236,772,2020-04-16
281,Branch-0281 West,180 Market Road,Mumbai,Delhi,757673,586,2000-12-15
282,Branch-0282 Corporate,72 Market Road,Chennai,Karnataka,345597,756,2002-01-10
283,Branch-0283 Corporate,47 Market Road,Kolkata,Telangana,239070,303,2020-09-02
284,Branch-0284 Central,171 Industrial Area,Pune,Madhya Pradesh,241049,33,2005-04-15
285,Branch-0285 Corporate,187 Market Road,Nagpur,Gujarat,975295,704,2019-05-15
286,Branch-0286 North,178 Business Park,Chennai,Rajasthan,496452,8,2007-09-08
287,Branch-0287 South,10 Market Road,Thane,Delhi,188947,783,2007-01-25
288,Branch-0288 North,20 Market Road,Thane,Delhi,555730,235,2007-06-15
289,Branch-0289 South,184 Ring Road,Bhopal,Karnataka,969034,609,2023-11-26
290,Branch-0290 Corporate,147 Market Road,Bhopal,West Bengal,280496,626,2019-12-19
291,Branch-0291 South,82 Ring Road,Ghaziabad,Telangana,869040,818,2000-11-24
292,Branch-0292 North,105 Ring Road,Indore,Uttar Pradesh,587449,950,2004-01-31
293,Branch-0293 West,31 Market Road,Delhi,Telangana,872804,718,2023-12-07
294,Branch-0294 Central,145 Industrial Area,Indore,Madhya Pradesh,847056,756,2006-01-24
295,Branch-0295 Central,134 Market Road,Patna,Telangana,937752,130,2010-10-15
296,Branch-0296 Central,132 Business Park,Pune,Uttar Pradesh,679104,86,2015-03-19
297,Branch-0297 West,139 Business Park,Jaipur,Gujarat,448206,563,2006-02-09
298,Branch-0298 North,13 Industrial Area,Visakhapatnam,Telangana,246499,823,2009-11-21
299,Branch-0299 Corporate,164 Business Park,Pimpri-Chinchwad,Karnataka,755192,453,2003-03-16
300,Branch-0300 East,186 Business Park,Kanpur,Rajasthan,272631,698,2012-05-24
301,Branch-0301 South,9 Business Park,Mumbai,Maharashtra,912965,681,2001-01-31
302,Branch-0302 Corporate,9 Business Park,Kanpur,Karnataka,894357,761,2003-08-21
303,Branch-0303 Central,178 Market Road,Visakhapatnam,Delhi,560302,803,2024-03-06
304,Branch-0304 Corporate,97 Business Park,Ghaziabad,Maharashtra,854162,154,2015-11-07
305,Branch-0305 South,99 Business Park,Pimpri-Chinchwad,Gujarat,889084,300,2011-09-13
306,Branch-0306 North,23 Market Road,Ghaziabad,Madhya Pradesh,666245,489,2012-11-18
307,Branch-0307 East,135 Business Park,Ahmedabad,Karnataka,964400,782,2012-12-17
308,Branch-0308 West,161 Business Park,Kanpur,West Bengal,591650,42,2022-10-01
309,Branch-0309 East,121 Business Park,Delhi,Madhya Pradesh,151226,3,2011-09-20
310,Branch-0310 North,98 Ring Road,Kanpur,Delhi,479025,742,2023-02-21
311,Branch-0311 South,137 Market Road,Indore,West Bengal,690349,126,2010-07-30
312,Branch-0312 East,40 Ring Road,Pimpri-Chinchwad,Telangana,437264,379,2002-03-13
313,Branch-0313 South,81 Market Road,Vadodara,West Bengal,865040,43,2001-10-07
314,Branch-0314 Corporate,122 Business Park,Thane,Telangana,352067,421,2020-08-20
315,Branch-0315 West,92 Business Park,Ghaziabad,Uttar Pradesh,293741,129,2002-11-23
316,Branch-0316 Central,70 Business Park,Hyderabad,West Bengal,365095,855,2023-09-17
317,Branch-0317 Central,144 Business Park,Jaipur,Gujarat,998572,660,2007-12-17
318,Branch-0318 West,123 Industrial Area,Pune,Uttar Pradesh,303272,388,2008-06-02
319,Branch-0319 West,167 Business Park,Indore,Gujarat,353993,159,2002-12-09
320,Branch-0320 North,180 Industrial Area,Ghaziabad,Gujarat,861255,175,2023-05-27
321,Branch-0321 West,167 Ring Road,Thane,Gujarat,266296,22,2010-11-20
322,Branch-0322 East,195 Market Road,Nagpur,Uttar Pradesh,551819,220,2004-09-01
323,Branch-0323 South,66 Business Park,Bhopal,Maharashtra,961968,400,2013-01-29
324,Branch-0324 Corporate,101 Market Road,Nagpur,Tamil Nadu,894462,298,2001-11-24
325,Branch-0325 North,105 Market Road,Nagpur,Tamil Nadu,669868,700,2008-05-21
326,Branch-0326 South,51 Business Park,Bengaluru,Rajasthan,495597,316,2018-06-11
327,Branch-0327 South,76 Business Park,Pune,Delhi,486265,248,2022-06-21
328,Branch-0328 West,47 Ring Road,Kanpur,Karnataka,588303,625,2002-10-05
329,Branch-0329 Corporate,178 Ring Road,Delhi,Gujarat,820190,655,2002-07-31
330,Branch-0330 South,63 Market Road,Kolkata,Telangana,902209,844,2015-12-05
331,Branch-0331 North,136 Ring Road,Vadodara,Tamil Nadu,843312,126,2017-09-15
332,Branch-0332 Corporate,58 Market Road,Hyderabad,Delhi,199168,729,2020-05-25
333,Branch-0333 West,121 Business Park,Patna,Maharashtra,735915,1000,2008-11-28
334,Branch-0334 North,153 Business Park,Kolkata,Rajasthan,327312,138,2018-03-02
335,Branch-0335 Corporate,84 Market Road,Delhi,West Bengal,996336,36,2003-06-12
336,Branch-0336 Central,194 Industrial Area,Kanpur,West Bengal,199937,473,2022-06-17
337,Branch-0337 East,143 Business Park,Mumbai,Karnataka,318841,841,2001-03-11
338,Branch-0338 Central,152 Business Park,Kanpur,West Bengal,217455,563,2005-09-26
339,Branch-0339 West,136 Business Park,Pune,West Bengal,450069,484,2022-04-23
340,Branch-0340 South,188 Ring Road,Ghaziabad,Delhi,859984,930,2018-08-21
341,Branch-0341 Central,160 Market Road,Indore,Tamil Nadu,739361,812,2015-07-06
342,Branch-0342 North,16 Business Park,Lucknow,Madhya Pradesh,174357,828,2005-07-11
343,Branch-0343 West,165 Ring Road,Hyderabad,Uttar Pradesh,406439,232,2010-05-18
344,Branch-0344 East,137 Industrial Area,Kanpur,Maharashtra,715049,143,2018-04-08
345,Branch-0345 North,45 Market Road,Kolkata,Madhya Pradesh,731205,518,2006-08-19
346,Branch-0346 Central,63 Industrial Area,Jaipur,Tamil Nadu,454098,429,2003-06-11
347,Branch-0347 Central,67 Business Park,Lucknow,Karnataka,644924,549,2018-04-08
348,Branch-0348 Corporate,12 Ring Road,Mumbai,Tamil Nadu,349192,505,2017-09-27
349,Branch-0349 East,113 Business Park,Pimpri-Chinchwad,Delhi,222172,765,2005-10-11
350,Branch-0350 East,6 Business Park,Kolkata,Maharashtra,645528,907,2009-02-10
351,Branch-0351 South,101 Industrial Area,Ghaziabad,Delhi,957915,893,2001-03-22
352,Branch-0352 East,41 Industrial Area,Bengaluru,Tamil Nadu,881358,218,2004-06-25
353,Branch-0353 North,198 Market Road,Jaipur,Tamil Nadu,473078,54,2019-04-12
354,Branch-0354 West,142 Market Road,Thane,Madhya Pradesh,214057,498,2021-10-07
355,Branch-0355 East,197 Market Road,Ghaziabad,Telangana,649969,852,2011-10-31
356,Branch-0356 South,193 Business Park,Hyderabad,Telangana,418773,918,2000-03-22
357,Branch-0357 West,116 Market Road,Kanpur,Gujarat,348958,489,2023-09-17
358,Branch-0358 North,106 Business Park,Kolkata,Telangana,776473,384,2005-07-26
359,Branch-0359 Central,28 Ring Road,Bhopal,Maharashtra,735103,842,2002-02-17
360,Branch-0360 West,96 Business Park,Lucknow,Gujarat,701974,187,2000-09-15
361,Branch-0361 Corporate,117 Ring Road,Vadodara,Karnataka,522424,775,2018-11-15
362,Branch-0362 West,148 Industrial Area,Lucknow,Uttar Pradesh,772922,620,2020-06-18
363,Branch-0363 Central,135 Ring Road,Ahmedabad,Uttar Pradesh,921591,375,2017-03-25
364,Branch-0364 Corporate,147 Market Road,Ahmedabad,Tamil Nadu,692801,106,2013-03-16
365,Branch-0365 Central,199 Ring Road,Vadodara,Madhya Pradesh,930785,999,2008-09-20
366,Branch-0366 North,50 Business Park,Chennai,Telangana,408733,800,2006-05-03
367,Branch-0367 East,105 Business Park,Thane,Madhya Pradesh,833665,24,2021-03-20
368,Branch-0368 North,103 Business Park,Bhopal,West Bengal,132002,658,2019-10-29
369,Branch-0369 North,193 Market Road,Lucknow,Uttar Pradesh,859589,234,2023-04-29
370,Branch-0370 West,58 Ring Road,Ghaziabad,Tamil Nadu,781773,250,2023-05-03
371,Branch-0371 North,170 Business Park,Lucknow,Maharashtra,461426,984,2018-04-12
372,Branch-0372 Corporate,32 Market Road,Vadodara,Madhya Pradesh,555237,350,2001-05-05
373,Branch-0373 West,39 Industrial Area,Vadodara,Tamil Nadu,670950,693,2006-07-30
374,Branch-0374 East,171 Ring Road,Bengaluru,Uttar Pradesh,501010,587,2016-12-20
375,Branch-0375 South,106 Business Park,Kolkata,Maharashtra,689083,494,2019-02-08
376,Branch-0376 Central,174 Market Road,Kolkata,Uttar Pradesh,428932,586,2015-02-09
377,Branch-0377 Central,66 Market Road,Jaipur,West Bengal,667770,153,2010-10-17
378,Branch-0378 West,199 Ring Road,Pimpri-Chinchwad,Gujarat,756451,921,2001-10-26
379,Branch-0379 Central,44 Industrial Area,Pune,Maharashtra,106829,684,2023-01-19
380,Branch-0380 East,155 Industrial Area,Indore,Delhi,157829,120,2017-05-14
381,Branch-0381 West,53 Business Park,Bengaluru,Telangana,953869,627,2015-01-08
382,Branch-0382 Central,14 Business Park,Indore,Uttar Pradesh,158705,627,2012-07-11
383,Branch-0383 Central,77 Business Park,Kanpur,Maharashtra,575148,418,2007-12-13
384,Branch-0384 Corporate,135 Market Road,Vadodara,Rajasthan,773262,422,2006-06-11
385,Branch-0385 Central,188 Ring Road,Pune,Gujarat,383242,18,2022-03-20
386,Branch-0386 East,115 Ring Road,Indore,Karnataka,161008,732,2020-02-21
387,Branch-0387 North,187 Industrial Area,Thane,Karnataka,725278,141,2015-06-16
388,Branch-0388 Central,144 Business Park,Visakhapatnam,Rajasthan,503149,946,2002-02-20
389,Branch-0389 North,146 Business Park,Jaipur,Maharashtra,516577,960,2023-07-03
390,Branch-0390 Corporate,138 Ring Road,Bengaluru,Telangana,308078,208,2020-05-11
391,Branch-0391 North,24 Market Road,Kanpur,Tamil Nadu,849646,953,2007-09-06
392,Branch-0392 North,90 Industrial Area,Hyderabad,Rajasthan,671144,950,2003-07-20
393,Branch-0393 East,4 Market Road,Chennai,Delhi,182412,618,2007-04-30
394,Branch-0394 Central,99 Business Park,Pune,West Bengal,349532,845,2023-01-09
395,Branch-0395 Corporate,83 Market Road,Bhopal,Rajasthan,672640,588,2015-06-22
396,Branch-0396 East,33 Market Road,Kolkata,Rajasthan,177946,913,2024-06-15
397,Branch-0397 South,80 Ring Road,Vadodara,Maharashtra,861252,985,2007-07-26
398,Branch-0398 West,84 Business Park,Ahmedabad,West Bengal,408298,523,2001-12-05
399,Branch-0399 Central,112 Ring Road,Lucknow,Maharashtra,347996,463,2009-03-10
400,Branch-0400 Corporate,66 Business Park,Indore,Rajasthan,660130,111,2006-05-11
401,Branch-0401 East,191 Industrial Area,Pimpri-Chinchwad,Karnataka,295714,77,2000-08-17
402,Branch-0402 North,165 Business Park,Visakhapatnam,Madhya Pradesh,662292,848,2008-03-07
403,Branch-0403 Central,162 Market Road,Jaipur,Uttar Pradesh,540263,176,2024-06-30
404,Branch-0404 South,190 Industrial Area,Ghaziabad,Rajasthan,345224,777,2019-02-09
405,Branch-0405 North,140 Market Road,Hyderabad,Uttar Pradesh,285825,557,2014-04-14
406,Branch-0406 East,9 Ring Road,Pune,Madhya Pradesh,886716,461,2001-01-10
407,Branch-0407 East,181 Industrial Area,Indore,Delhi,575606,490,2002-09-27
408,Branch-0408 East,129 Market Road,Indore,Uttar Pradesh,917769,827,2006-07-28
409,Branch-0409 Central,95 Business Park,Indore,Uttar Pradesh,250606,87,2007-09-01
410,Branch-0410 North,59 Ring Road,Kanpur,Karnataka,190375,403,2016-06-02
411,Branch-0411 Central,200 Ring Road,Patna,Rajasthan,209996,704,2011-11-19
412,Branch-0412 East,147 Market Road,Bengaluru,Uttar Pradesh,782939,789,2007-10-25
413,Branch-0413 Central,148 Market Road,Kanpur,Madhya Pradesh,517260,993,2020-06-26
414,Branch-0414 West,12 Ring Road,Pune,West Bengal,753721,624,2024-04-21
415,Branch-0415 South,141 Business Park,Chennai,Karnataka,139623,872,2014-11-04
416,Branch-0416 Central,156 Market Road,Patna,West Bengal,854124,613,2011-04-01
417,Branch-0417 West,76 Market Road,Lucknow,Madhya Pradesh,454126,867,2022-12-22
418,Branch-0418 West,163 Business Park,Bengaluru,Gujarat,463624,463,2024-06-23
419,Branch-0419 West,119 Business Park,Bhopal,Delhi,474276,946,2008-01-12
420,Branch-0420 North,141 Industrial Area,Bhopal,West Bengal,600801,201,2024-03-10
421,Branch-0421 Corporate,49 Business Park,Ghaziabad,Rajasthan,388253,390,2003-07-01
422,Branch-0422 West,18 Industrial Area,Visakhapatnam,Madhya Pradesh,658049,505,2017-03-31
423,Branch-0423 West,40 Industrial Area,Pimpri-Chinchwad,Rajasthan,853443,866,2006-11-26
424,Branch-0424 North,83 Market Road,Visakhapatnam,Maharashtra,928928,659,2023-11-14
425,Branch-0425 South,176 Business Park,Indore,Karnataka,815484,641,2010-08-26
426,Branch-0426 South,15 Ring Road,Mumbai,Tamil Nadu,892269,400,2017-02-01
427,Branch-0427 Corporate,160 Ring Road,Bhopal,Madhya Pradesh,140177,32,2005-08-07
428,Branch-0428 North,73 Market Road,Kanpur,Tamil Nadu,381356,258,2008-03-09
429,Branch-0429 West,102 Industrial Area,Vadodara,West Bengal,305633,144,2015-11-01
430,Branch-0430 West,77 Market Road,Pune,Karnataka,816728,546,2012-01-29
431,Branch-0431 East,58 Market Road,Patna,Madhya Pradesh,208110,349,2018-02-28
432,Branch-0432 North,68 Business Park,Kanpur,Karnataka,658933,780,2015-02-26
433,Branch-0433 Corporate,125 Market Road,Kanpur,West Bengal,275824,992,2007-09-16
434,Branch-0434 East,152 Market Road,Pune,Tamil Nadu,655473,623,2016-08-06
435,Branch-0435 Central,59 Business Park,Patna,West Bengal,487167,375,2001-02-24
436,Branch-0436 Corporate,127 Ring Road,Indore,Uttar Pradesh,440133,17,2014-05-17
437,Branch-0437 East,199 Ring Road,Jaipur,Telangana,107971,199,2013-10-02
438,Branch-0438 Corporate,161 Business Park,Pimpri-Chinchwad,Madhya Pradesh,178129,949,2005-01-28
439,Branch-0439 East,155 Industrial Area,Chennai,Maharashtra,308821,535,2014-12-18
440,Branch-0440 West,62 Ring Road,Delhi,Delhi,979296,373,2009-06-05
441,Branch-0441 East,80 Business Park,Kanpur,Gujarat,575714,111,2014-08-28
442,Branch-0442 South,53 Business Park,Kolkata,Karnataka,483894,635,2009-08-14
443,Branch-0443 East,123 Business Park,Pune,West Bengal,569056,872,2014-03-26
444,Branch-0444 Central,6 Ring Road,Ahmedabad,Delhi,397249,974,2003-11-28
445,Branch-0445 Central,200 Ring Road,Chennai,Rajasthan,501533,631,2023-09-27
446,Branch-0446 Central,180 Industrial Area,Patna,Maharashtra,734463,751,2005-11-26
447,Branch-0447 East,3 Ring Road,Nagpur,Karnataka,346425,865,2023-01-25
448,Branch-0448 West,144 Ring Road,Indore,Karnataka,243497,958,2014-11-04
449,Branch-0449 West,200 Industrial Area,Thane,Maharashtra,440215,885,2022-09-19
450,Branch-0450 East,195 Industrial Area,Patna,Rajasthan,393116,306,2007-07-08
451,Branch-0451 North,128 Ring Road,Pimpri-Chinchwad,Tamil Nadu,876787,915,2012-07-17
452,Branch-0452 West,163 Ring Road,Vadodara,West Bengal,481377,816,2014-03-27
453,Branch-0453 Corporate,159 Ring Road,Chennai,Uttar Pradesh,235158,312,2005-04-28
454,Branch-0454 Central,179 Industrial Area,Kanpur,Maharashtra,242737,955,2000-04-12
455,Branch-0455 Central,12 Market Road,Lucknow,Tamil Nadu,770213,236,2010-05-30
456,Branch-0456 Central,62 Market Road,Hyderabad,Tamil Nadu,432793,71,2009-05-06
457,Branch-0457 Central,84 Ring Road,Visakhapatnam,Maharashtra,647133,209,2019-02-04
458,Branch-0458 West,190 Market Road,Hyderabad,Gujarat,417993,292,2023-04-26
459,Branch-0459 West,159 Industrial Area,Indore,Madhya Pradesh,750077,734,2022-01-03
460,Branch-0460 North,129 Market Road,Thane,Rajasthan,768280,808,2019-10-14
461,Branch-0461 Corporate,76 Industrial Area,Ahmedabad,Maharashtra,236038,376,2023-02-11
462,Branch-0462 Corporate,182 Market Road,Nagpur,Gujarat,319310,973,2003-02-14
463,Branch-0463 West,57 Market Road,Patna,Delhi,872848,137,2008-07-16
464,Branch-0464 Central,34 Market Road,Ghaziabad,Karnataka,982027,661,2000-04-26
465,Branch-0465 Corporate,80 Business Park,Delhi,West Bengal,874159,9,2004-01-12
466,Branch-0466 West,64 Industrial Area,Jaipur,Rajasthan,267930,209,2020-10-10
467,Branch-0467 South,8 Market Road,Visakhapatnam,West Bengal,643876,724,2003-11-27
468,Branch-0468 Corporate,118 Market Road,Chennai,Tamil Nadu,603399,476,2014-05-23
469,Branch-0469 South,193 Ring Road,Patna,Gujarat,607336,139,2016-12-30
470,Branch-0470 North,148 Business Park,Kanpur,Karnataka,748661,93,2022-12-02
471,Branch-0471 Corporate,191 Industrial Area,Indore,Uttar Pradesh,352800,748,2004-08-02
472,Branch-0472 East,15 Market Road,Bhopal,Delhi,776772,481,2007-11-16
473,Branch-0473 Central,119 Market Road,Kolkata,Rajasthan,925451,735,2009-09-29
474,Branch-0474 West,169 Market Road,Mumbai,Tamil Nadu,290619,177,2006-12-17
475,Branch-0475 West,147 Market Road,Thane,Karnataka,205706,751,2019-02-27
476,Branch-0476 South,170 Business Park,Lucknow,Telangana,680005,564,2006-06-15
477,Branch-0477 North,44 Ring Road,Nagpur,Telangana,927695,592,2024-03-25
478,Branch-0478 North,83 Ring Road,Jaipur,West Bengal,228090,501,2020-10-08
479,Branch-0479 Corporate,192 Industrial Area,Pune,Karnataka,947502,403,2012-12-31
480,Branch-0480 North,7 Ring Road,Jaipur,Gujarat,705666,831,2022-05-06
481,Branch-0481 West,185 Business Park,Chennai,Rajasthan,732928,845,2019-09-07
482,Branch-0482 Central,49 Market Road,Bhopal,Delhi,269963,57,2014-11-07
483,Branch-0483 North,172 Industrial Area,Pimpri-Chinchwad,Rajasthan,853679,116,2009-08-11
484,Branch-0484 East,183 Ring Road,Ahmedabad,Madhya Pradesh,685432,969,2023-04-12
485,Branch-0485 North,35 Market Road,Mumbai,Delhi,241260,813,2016-05-04
486,Branch-0486 East,188 Business Park,Patna,Telangana,281682,39,2001-12-29
487,Branch-0487 South,196 Industrial Area,Ghaziabad,Rajasthan,643816,516,2022-09-10
488,Branch-0488 West,114 Ring Road,Kolkata,Tamil Nadu,799764,527,2016-01-12
489,Branch-0489 North,62 Industrial Area,Delhi,Maharashtra,311807,18,2012-06-22
490,Branch-0490 South,62 Industrial Area,Bengaluru,Madhya Pradesh,996727,814,2014-05-21
491,Branch-0491 Central,119 Business Park,Nagpur,Karnataka,320254,893,2004-03-13
492,Branch-0492 Central,40 Market Road,Vadodara,Tamil Nadu,796263,25,2004-02-24
493,Branch-0493 South,52 Industrial Area,Jaipur,Uttar Pradesh,302219,59,2008-10-21
494,Branch-0494 Central,149 Industrial Area,Visakhapatnam,Delhi,320638,704,2022-06-03
495,Branch-0495 Central,157 Business Park,Ahmedabad,West Bengal,150768,649,2006-10-08
496,Branch-0496 Corporate,40 Business Park,Kolkata,Karnataka,223815,888,2020-08-25
497,Branch-0497 East,121 Market Road,Delhi,Delhi,735266,790,2004-01-02
498,Branch-0498 Central,30 Industrial Area,Indore,Delhi,235793,936,2008-02-08
499,Branch-0499 Central,32 Business Park,Bhopal,Karnataka,858119,352,2023-09-26
500,Branch-0500 East,65 Market Road,Ghaziabad,Telangana,138821,301,2008-08-19
501,Branch-0501 East,99 Ring Road,Kolkata,Uttar Pradesh,114060,677,2008-01-09
502,Branch-0502 East,168 Ring Road,Pimpri-Chinchwad,Delhi,256900,783,2012-08-26
503,Branch-0503 North,27 Business Park,Lucknow,Maharashtra,928204,572,2017-09-16
504,Branch-0504 Corporate,136 Market Road,Kanpur,Maharashtra,704430,681,2014-08-26
505,Branch-0505 North,40 Ring Road,Indore,Karnataka,117946,861,2008-09-07
506,Branch-0506 Corporate,95 Ring Road,Indore,Delhi,949833,760,2000-01-21
507,Branch-0507 North,185 Ring Road,Ahmedabad,Madhya Pradesh,620678,844,2000-10-06
508,Branch-0508 Central,60 Industrial Area,Hyderabad,Karnataka,388842,196,2019-01-05
509,Branch-0509 South,142 Ring Road,Patna,Tamil Nadu,506185,315,2005-11-05
510,Branch-0510 North,8 Ring Road,Bengaluru,Karnataka,126891,145,2021-08-12
511,Branch-0511 Central,110 Business Park,Nagpur,Madhya Pradesh,269820,491,2010-05-09
512,Branch-0512 West,128 Ring Road,Delhi,Karnataka,728167,635,2002-10-04
513,Branch-0513 East,186 Business Park,Thane,West Bengal,719511,23,2018-06-30
514,Branch-0514 North,35 Market Road,Lucknow,Uttar Pradesh,781673,968,2004-10-19
515,Branch-0515 South,83 Ring Road,Chennai,Maharashtra,332612,719,2012-10-20
516,Branch-0516 Central,65 Business Park,Hyderabad,Maharashtra,746066,372,2018-03-11
517,Branch-0517 East,146 Industrial Area,Nagpur,West Bengal,925061,316,2002-11-29
518,Branch-0518 South,115 Ring Road,Nagpur,Gujarat,545823,864,2007-09-26
519,Branch-0519 North,66 Industrial Area,Hyderabad,Karnataka,977417,830,2011-04-07
520,Branch-0520 East,113 Business Park,Hyderabad,Maharashtra,681898,61,2005-04-25
521,Branch-0521 West,33 Business Park,Kolkata,Maharashtra,945253,934,2018-07-04
522,Branch-0522 West,60 Business Park,Bhopal,West Bengal,389585,782,2004-01-14
523,Branch-0523 East,43 Industrial Area,Pimpri-Chinchwad,Maharashtra,670816,14,2023-03-09
524,Branch-0524 Central,188 Ring Road,Bhopal,Delhi,255327,607,2001-05-14
525,Branch-0525 Corporate,29 Ring Road,Delhi,Rajasthan,188536,201,2022-10-21
526,Branch-0526 Central,106 Industrial Area,Hyderabad,Telangana,156500,474,2010-04-13
527,Branch-0527 South,22 Business Park,Lucknow,Tamil Nadu,656473,977,2012-05-11
528,Branch-0528 East,78 Market Road,Indore,Karnataka,219753,721,2008-10-25
529,Branch-0529 Central,6 Industrial Area,Chennai,Tamil Nadu,657519,881,2023-09-09
530,Branch-0530 Corporate,92 Industrial Area,Thane,West Bengal,725119,260,2022-04-04
531,Branch-0531 Central,54 Business Park,Patna,Maharashtra,449975,204,2008-12-26
532,Branch-0532 West,105 Market Road,Bhopal,Gujarat,979053,448,2017-08-28
533,Branch-0533 East,40 Business Park,Nagpur,Madhya Pradesh,167187,538,2010-10-16
534,Branch-0534 North,181 Industrial Area,Mumbai,Maharashtra,160377,273,2018-01-28
535,Branch-0535 East,110 Business Park,Lucknow,Tamil Nadu,757286,604,2001-02-12
536,Branch-0536 Central,31 Business Park,Bhopal,Madhya Pradesh,609244,683,2020-12-18
537,Branch-0537 Central,66 Business Park,Mumbai,Gujarat,714008,242,2024-05-24
538,Branch-0538 West,19 Ring Road,Vadodara,Maharashtra,430350,256,2002-12-13
539,Branch-0539 South,46 Business Park,Jaipur,Madhya Pradesh,738424,514,2001-09-12
540,Branch-0540 West,78 Industrial Area,Indore,Madhya Pradesh,654893,505,2010-01-12
541,Branch-0541 Corporate,18 Market Road,Bhopal,Madhya Pradesh,560343,702,2005-05-24
542,Branch-0542 East,99 Ring Road,Hyderabad,West Bengal,500560,979,2004-06-19
543,Branch-0543 North,57 Industrial Area,Lucknow,Maharashtra,608581,492,2011-12-09
544,Branch-0544 North,61 Market Road,Kanpur,West Bengal,291905,216,2023-02-13
545,Branch-0545 Corporate,153 Ring Road,Vadodara,Madhya Pradesh,219473,626,2020-01-04
546,Branch-0546 Central,19 Ring Road,Chennai,West Bengal,989319,979,2006-04-05
547,Branch-0547 Central,56 Industrial Area,Delhi,Uttar Pradesh,583122,840,2024-03-31
548,Branch-0548 North,29 Business Park,Thane,Maharashtra,981881,163,2001-03-25
549,Branch-0549 Corporate,171 Ring Road,Hyderabad,Uttar Pradesh,938007,86,2010-07-20
550,Branch-0550 South,177 Industrial Area,Ahmedabad,Delhi,187556,1000,2019-12-08
551,Branch-0551 Central,189 Ring Road,Pimpri-Chinchwad,Maharashtra,954923,841,2003-03-02
552,Branch-0552 West,104 Ring Road,Lucknow,Uttar Pradesh,244955,165,2005-05-24
553,Branch-0553 East,93 Market Road,Vadodara,Rajasthan,631468,383,2019-08-19
554,Branch-0554 Central,140 Market Road,Delhi,Maharashtra,372106,554,2002-02-06
555,Branch-0555 East,123 Ring Road,Visakhapatnam,Delhi,969070,863,2008-01-25
556,Branch-0556 North,99 Business Park,Lucknow,Madhya Pradesh,522816,94,2003-10-08
557,Branch-0557 North,132 Industrial Area,Vadodara,Gujarat,929909,170,2018-12-30
558,Branch-0558 West,131 Market Road,Bhopal,West Bengal,706701,966,2021-05-27
559,Branch-0559 Corporate,164 Business Park,Jaipur,Maharashtra,717445,364,2010-04-15
560,Branch-0560 Corporate,32 Ring Road,Bengaluru,Madhya Pradesh,544095,116,2015-11-27
561,Branch-0561 East,13 Industrial Area,Patna,Telangana,285628,500,2012-09-28
562,Branch-0562 Corporate,178 Market Road,Kanpur,West Bengal,471240,110,2020-08-23
563,Branch-0563 West,170 Industrial Area,Chennai,Gujarat,771087,47,2018-11-30
564,Branch-0564 Corporate,165 Ring Road,Ghaziabad,West Bengal,502370,560,2011-02-25
565,Branch-0565 Corporate,69 Industrial Area,Mumbai,Gujarat,575067,524,2014-01-05
566,Branch-0566 North,18 Industrial Area,Mumbai,Karnataka,688076,347,2004-08-01
567,Branch-0567 East,38 Market Road,Nagpur,Madhya Pradesh,896969,249,2018-03-29
568,Branch-0568 South,140 Market Road,Mumbai,Uttar Pradesh,701746,984,2009-12-16
569,Branch-0569 South,138 Industrial Area,Patna,Uttar Pradesh,339025,629,2001-11-04
570,Branch-0570 East,37 Ring Road,Indore,Rajasthan,258690,771,2023-08-25
571,Branch-0571 East,156 Business Park,Thane,Maharashtra,753513,854,2002-11-04
572,Branch-0572 Central,78 Business Park,Kolkata,Delhi,714987,918,2011-02-19
573,Branch-0573 South,171 Market Road,Kolkata,West Bengal,213204,239,2009-07-27
574,Branch-0574 East,186 Industrial Area,Mumbai,Tamil Nadu,295643,255,2001-12-18
575,Branch-0575 South,84 Business Park,Indore,Tamil Nadu,917636,850,2000-12-25
576,Branch-0576 North,94 Ring Road,Lucknow,Rajasthan,251670,269,2005-08-02
577,Branch-0577 West,26 Industrial Area,Kanpur,Maharashtra,302635,714,2012-12-20
578,Branch-0578 South,9 Industrial Area,Indore,Delhi,592879,774,2021-09-20
579,Branch-0579 Corporate,18 Market Road,Jaipur,Madhya Pradesh,664385,587,2024-07-08
580,Branch-0580 Corporate,12 Business Park,Indore,Rajasthan,973807,565,2006-07-11
581,Branch-0581 Central,71 Business Park,Bhopal,Gujarat,533795,530,2004-09-09
582,Branch-0582 North,85 Market Road,Indore,West Bengal,377900,560,2018-12-09
583,Branch-0583 West,171 Market Road,Vadodara,West Bengal,830311,634,2024-08-25
584,Branch-0584 East,81 Industrial Area,Vadodara,Gujarat,822142,914,2004-01-19
585,Branch-0585 South,89 Ring Road,Kanpur,Maharashtra,216020,128,2006-01-17
586,Branch-0586 Corporate,155 Market Road,Delhi,Rajasthan,478867,253,2017-02-10
587,Branch-0587 Corporate,13 Ring Road,Hyderabad,Delhi,597529,81,2018-12-13
588,Branch-0588 Corporate,188 Business Park,Pune,Madhya Pradesh,663942,771,2017-09-17
589,Branch-0589 North,109 Ring Road,Pune,West Bengal,843814,664,2005-08-22
590,Branch-0590 Central,133 Ring Road,Kanpur,Tamil Nadu,728614,58,2016-12-31
591,Branch-0591 East,3 Business Park,Mumbai,Madhya Pradesh,787932,667,2013-07-04
592,Branch-0592 North,78 Ring Road,Chennai,Maharashtra,407565,943,2016-11-17
593,Branch-0593 East,176 Ring Road,Patna,Madhya Pradesh,556034,442,2022-04-26
594,Branch-0594 East,14 Ring Road,Thane,Gujarat,269690,15,2013-12-09
595,Branch-0595 South,110 Ring Road,Visakhapatnam,Rajasthan,456428,551,2001-04-23
596,Branch-0596 West,117 Ring Road,Kanpur,Telangana,301628,801,2022-09-19
597,Branch-0597 West,9 Industrial Area,Ahmedabad,Telangana,998668,802,2016-07-29
598,Branch-0598 South,105 Industrial Area,Ahmedabad,Karnataka,907848,429,2015-02-04
599,Branch-0599 Corporate,76 Business Park,Hyderabad,West Bengal,763354,343,2015-07-26
600,Branch-0600 North,15 Business Park,Thane,Karnataka,997135,192,2005-04-24
601,Branch-0601 North,40 Ring Road,Chennai,Rajasthan,548981,988,2021-06-16
602,Branch-0602 Corporate,170 Industrial Area,Lucknow,West Bengal,240862,783,2014-03-05
603,Branch-0603 West,19 Industrial Area,Mumbai,Delhi,182905,182,2012-08-07
604,Branch-0604 Corporate,27 Business Park,Nagpur,Uttar Pradesh,954888,980,2011-04-08
605,Branch-0605 West,134 Industrial Area,Delhi,Maharashtra,897434,927,2024-01-30
606,Branch-0606 Central,29 Industrial Area,Vadodara,Uttar Pradesh,515320,493,2022-03-08
607,Branch-0607 West,34 Market Road,Bengaluru,Karnataka,705908,610,2016-01-28
608,Branch-0608 East,5 Ring Road,Bhopal,Karnataka,853169,419,2011-10-20
609,Branch-0609 North,165 Industrial Area,Bengaluru,Karnataka,865929,114,2007-05-21
610,Branch-0610 Central,54 Ring Road,Pune,Rajasthan,458770,234,2019-04-17
611,Branch-0611 South,180 Industrial Area,Patna,Maharashtra,583607,568,2015-09-19
612,Branch-0612 Corporate,45 Ring Road,Jaipur,Uttar Pradesh,283320,318,2005-09-26
613,Branch-0613 Central,173 Market Road,Pimpri-Chinchwad,Tamil Nadu,365518,371,2012-01-14
614,Branch-0614 Central,10 Industrial Area,Jaipur,Gujarat,784532,377,2012-10-16
615,Branch-0615 Corporate,121 Ring Road,Ahmedabad,Telangana,986581,902,2003-06-10
616,Branch-0616 Central,37 Market Road,Ahmedabad,Rajasthan,399332,789,2024-02-06
617,Branch-0617 West,197 Industrial Area,Ghaziabad,Delhi,572645,449,2017-11-10
618,Branch-0618 North,64 Ring Road,Chennai,Rajasthan,277965,32,2008-08-05
619,Branch-0619 West,139 Industrial Area,Chennai,Delhi,597793,363,2000-07-25
620,Branch-0620 Corporate,140 Business Park,Bengaluru,Madhya Pradesh,922123,397,2011-01-28
621,Branch-0621 Central,67 Ring Road,Kolkata,Maharashtra,505393,624,2010-04-18
622,Branch-0622 South,186 Market Road,Jaipur,Madhya Pradesh,340582,339,2010-04-18
623,Branch-0623 South,5 Business Park,Hyderabad,Uttar Pradesh,172481,733,2017-10-11
624,Branch-0624 East,123 Ring Road,Pimpri-Chinchwad,Delhi,983488,436,2015-06-29
625,Branch-0625 North,73 Ring Road,Jaipur,Tamil Nadu,374362,269,2019-03-06
626,Branch-0626 Central,138 Market Road,Patna,Tamil Nadu,821875,68,2021-04-24
627,Branch-0627 West,160 Market Road,Bhopal,Uttar Pradesh,212358,16,2014-05-18
628,Branch-0628 North,166 Business Park,Ahmedabad,Uttar Pradesh,578667,984,2022-07-14
629,Branch-0629 West,171 Ring Road,Patna,West Bengal,942955,638,2019-02-02
630,Branch-0630 West,137 Market Road,Ghaziabad,Maharashtra,420942,323,2021-08-02
631,Branch-0631 West,181 Market Road,Visakhapatnam,Delhi,387562,860,2020-02-28
632,Branch-0632 Corporate,37 Ring Road,Indore,Telangana,138198,830,2004-01-07
633,Branch-0633 Corporate,155 Industrial Area,Jaipur,Karnataka,380808,136,2009-02-19
634,Branch-0634 West,168 Market Road,Vadodara,Rajasthan,270639,534,2010-07-24
635,Branch-0635 North,147 Business Park,Ahmedabad,Delhi,777454,676,2024-08-28
636,Branch-0636 East,9 Industrial Area,Chennai,Madhya Pradesh,320295,177,2023-03-12
637,Branch-0637 West,14 Market Road,Chennai,Karnataka,227010,46,2005-03-31
638,Branch-0638 Central,49 Market Road,Chennai,Maharashtra,117068,65,2023-06-01
639,Branch-0639 East,120 Industrial Area,Indore,Delhi,147510,932,2001-05-03
640,Branch-0640 West,163 Industrial Area,Indore,Delhi,111748,561,2003-10-01
641,Branch-0641 South,50 Ring Road,Indore,Delhi,402790,64,2010-07-21
642,Branch-0642 West,76 Ring Road,Pune,Delhi,718274,523,2002-02-15
643,Branch-0643 East,72 Industrial Area,Patna,Karnataka,304459,323,2013-11-16
644,Branch-0644 East,152 Ring Road,Hyderabad,Maharashtra,103827,204,2000-10-03
645,Branch-0645 East,194 Industrial Area,Chennai,Maharashtra,488034,837,2012-07-06
646,Branch-0646 South,192 Industrial Area,Bhopal,Delhi,447505,21,2002-01-24
647,Branch-0647 East,112 Industrial Area,Thane,Gujarat,196497,76,2000-08-01
648,Branch-0648 Corporate,102 Ring Road,Lucknow,Delhi,843397,93,2010-01-31
649,Branch-0649 South,2 Industrial Area,Patna,Tamil Nadu,205456,409,2012-01-23
650,Branch-0650 West,122 Business Park,Pimpri-Chinchwad,Madhya Pradesh,115775,377,2008-09-24
651,Branch-0651 East,109 Market Road,Lucknow,Uttar Pradesh,247667,387,2023-12-19
652,Branch-0652 Corporate,147 Industrial Area,Chennai,West Bengal,736415,471,2000-09-09
653,Branch-0653 West,61 Industrial Area,Patna,Uttar Pradesh,645300,920,2005-04-22
654,Branch-0654 East,137 Industrial Area,Ghaziabad,Delhi,481770,32,2016-08-22
655,Branch-0655 West,111 Market Road,Nagpur,Rajasthan,984885,80,2020-05-21
656,Branch-0656 East,7 Market Road,Ahmedabad,Maharashtra,191200,136,2019-05-12
657,Branch-0657 Corporate,197 Ring Road,Bhopal,Uttar Pradesh,705355,573,2008-05-18
658,Branch-0658 East,5 Ring Road,Bengaluru,Uttar Pradesh,996302,6,2016-07-13
659,Branch-0659 North,20 Industrial Area,Nagpur,Tamil Nadu,635294,322,2005-04-13
660,Branch-0660 East,126 Industrial Area,Lucknow,Delhi,803556,766,2006-03-10
661,Branch-0661 East,77 Industrial Area,Ghaziabad,Karnataka,922144,77,2004-05-01
662,Branch-0662 West,174 Market Road,Jaipur,Delhi,738112,730,2018-01-25
663,Branch-0663 North,113 Ring Road,Chennai,Karnataka,247758,618,2021-06-02
664,Branch-0664 South,133 Business Park,Bhopal,Maharashtra,950565,725,2011-11-09
665,Branch-0665 Corporate,189 Ring Road,Jaipur,Karnataka,210347,844,2015-07-19
666,Branch-0666 Corporate,77 Ring Road,Visakhapatnam,Maharashtra,434454,446,2022-09-08
667,Branch-0667 North,2 Market Road,Ahmedabad,Tamil Nadu,621084,851,2000-01-01
668,Branch-0668 Corporate,149 Business Park,Delhi,Delhi,762824,409,2009-11-06
669,Branch-0669 Corporate,89 Industrial Area,Jaipur,Maharashtra,581671,176,2009-06-23
670,Branch-0670 North,73 Industrial Area,Chennai,Uttar Pradesh,270870,942,2014-09-19
671,Branch-0671 Corporate,73 Business Park,Delhi,Delhi,609057,533,2023-03-06
672,Branch-0672 North,43 Ring Road,Bhopal,Telangana,194465,140,2018-10-29
673,Branch-0673 Central,101 Ring Road,Mumbai,Rajasthan,169112,61,2015-10-06
674,Branch-0674 West,166 Business Park,Bengaluru,Delhi,702261,381,2000-01-17
675,Branch-0675 West,47 Industrial Area,Hyderabad,Delhi,430284,191,2019-03-04
676,Branch-0676 Central,193 Business Park,Nagpur,Telangana,956624,883,2019-10-06
677,Branch-0677 Central,147 Market Road,Kolkata,Maharashtra,134422,474,2003-03-07
678,Branch-0678 East,153 Ring Road,Mumbai,Maharashtra,607371,263,2003-11-20
679,Branch-0679 West,148 Ring Road,Patna,Tamil Nadu,833087,301,2010-03-08
680,Branch-0680 Corporate,38 Industrial Area,Thane,Madhya Pradesh,682308,587,2009-07-27
681,Branch-0681 East,90 Market Road,Ghaziabad,Gujarat,392582,980,2021-03-07
682,Branch-0682 Central,107 Business Park,Ghaziabad,Uttar Pradesh,248112,486,2009-01-25
683,Branch-0683 South,139 Business Park,Kolkata,Delhi,137247,265,2014-11-27
684,Branch-0684 Central,41 Ring Road,Patna,Madhya Pradesh,522871,228,2008-03-20
685,Branch-0685 Central,121 Ring Road,Kolkata,Tamil Nadu,559119,263,2023-07-04
686,Branch-0686 North,88 Market Road,Thane,Uttar Pradesh,163413,416,2012-03-30
687,Branch-0687 West,113 Business Park,Thane,Rajasthan,303168,603,2024-07-30
688,Branch-0688 North,185 Ring Road,Lucknow,Uttar Pradesh,627832,200,2024-07-17
689,Branch-0689 South,47 Ring Road,Pune,West Bengal,936547,930,2013-05-13
690,Branch-0690 East,37 Business Park,Kanpur,Tamil Nadu,155651,457,2019-12-06
691,Branch-0691 South,182 Business Park,Indore,Tamil Nadu,570795,635,2015-01-19
692,Branch-0692 South,22 Ring Road,Indore,Karnataka,315996,579,2008-03-13
693,Branch-0693 Corporate,4 Business Park,Patna,Tamil Nadu,902852,333,2004-10-21
694,Branch-0694 Central,128 Ring Road,Mumbai,Madhya Pradesh,206657,911,2010-06-23
695,Branch-0695 Central,23 Business Park,Bhopal,Uttar Pradesh,506742,98,2000-11-08
696,Branch-0696 North,86 Ring Road,Bhopal,West Bengal,156605,704,2007-12-12
697,Branch-0697 North,164 Business Park,Indore,Madhya Pradesh,488968,942,2010-06-27
698,Branch-0698 South,70 Business Park,Chennai,Maharashtra,186709,683,2006-01-24
699,Branch-0699 North,114 Ring Road,Vadodara,Tamil Nadu,162412,11,2007-01-31
700,Branch-0700 East,196 Business Park,Bengaluru,Tamil Nadu,216385,346,2009-08-16
701,Branch-0701 Corporate,48 Ring Road,Vadodara,Gujarat,561535,649,2015-03-30
702,Branch-0702 Central,114 Ring Road,Delhi,Rajasthan,204745,784,2019-11-14
703,Branch-0703 Corporate,50 Market Road,Bhopal,Madhya Pradesh,677497,51,2015-11-15
704,Branch-0704 Corporate,192 Ring Road,Mumbai,Telangana,798799,770,2002-12-13
705,Branch-0705 Central,4 Industrial Area,Lucknow,Madhya Pradesh,326735,994,2013-08-21
706,Branch-0706 Corporate,5 Market Road,Vadodara,Delhi,103150,285,2015-08-15
707,Branch-0707 North,10 Market Road,Thane,Maharashtra,631085,627,2012-09-30
708,Branch-0708 Central,20 Ring Road,Ghaziabad,Delhi,332135,670,2015-02-09
709,Branch-0709 West,159 Market Road,Patna,Tamil Nadu,462920,779,2010-12-05
710,Branch-0710 South,177 Ring Road,Ahmedabad,Maharashtra,478898,398,2003-03-03
711,Branch-0711 Central,17 Industrial Area,Visakhapatnam,Madhya Pradesh,705666,14,2000-11-10
712,Branch-0712 East,148 Industrial Area,Patna,Maharashtra,177267,560,2017-05-09
713,Branch-0713 Corporate,114 Industrial Area,Jaipur,Maharashtra,916100,713,2010-11-02
714,Branch-0714 East,130 Ring Road,Ahmedabad,Telangana,794379,199,2012-12-17
715,Branch-0715 South,150 Ring Road,Pune,Maharashtra,102914,403,2022-01-05
716,Branch-0716 East,98 Market Road,Kanpur,Tamil Nadu,108440,224,2007-03-17
717,Branch-0717 Corporate,91 Business Park,Bengaluru,Rajasthan,322839,389,2014-01-16
718,Branch-0718 South,35 Industrial Area,Chennai,Gujarat,210905,471,2024-02-06
719,Branch-0719 South,49 Business Park,Chennai,Madhya Pradesh,836578,798,2006-09-14
720,Branch-0720 North,58 Ring Road,Kanpur,Delhi,173131,16,2001-06-07
721,Branch-0721 West,12 Industrial Area,Delhi,Tamil Nadu,356151,6,2024-04-07
722,Branch-0722 West,107 Ring Road,Pune,Maharashtra,258824,908,2005-03-26
723,Branch-0723 Central,100 Industrial Area,Bhopal,Telangana,933175,140,2000-04-16
724,Branch-0724 South,175 Ring Road,Bhopal,Tamil Nadu,890874,898,2024-05-11
725,Branch-0725 East,84 Market Road,Bengaluru,Karnataka,722245,755,2018-12-30
726,Branch-0726 South,44 Industrial Area,Delhi,Telangana,984121,247,2018-10-19
727,Branch-0727 Corporate,47 Business Park,Ahmedabad,Rajasthan,488019,363,2023-05-10
728,Branch-0728 North,21 Ring Road,Bhopal,Rajasthan,125862,712,2005-08-27
729,Branch-0729 Central,115 Business Park,Bengaluru,Tamil Nadu,982747,166,2010-02-14
730,Branch-0730 Corporate,194 Business Park,Chennai,Telangana,552407,718,2007-07-19
731,Branch-0731 Central,167 Market Road,Bengaluru,Tamil Nadu,649907,805,2005-08-01
732,Branch-0732 West,148 Industrial Area,Mumbai,Tamil Nadu,693015,97,2019-06-16
733,Branch-0733 Central,199 Business Park,Pimpri-Chinchwad,West Bengal,321706,549,2016-08-29
734,Branch-0734 South,142 Business Park,Vadodara,Tamil Nadu,696613,768,2020-10-20
735,Branch-0735 Corporate,122 Market Road,Hyderabad,West Bengal,683021,530,2001-12-29
736,Branch-0736 Corporate,14 Ring Road,Pune,Rajasthan,660965,784,2009-09-08
737,Branch-0737 Central,142 Industrial Area,Ghaziabad,Karnataka,633222,931,2021-07-06
738,Branch-0738 North,132 Ring Road,Kanpur,Gujarat,156015,674,2004-04-21
739,Branch-0739 West,37 Market Road,Visakhapatnam,Karnataka,101278,56,2007-12-20
740,Branch-0740 West,56 Ring Road,Patna,Karnataka,755645,949,2010-04-04
741,Branch-0741 North,171 Market Road,Delhi,Gujarat,192988,285,2012-07-02
742,Branch-0742 East,73 Market Road,Ahmedabad,Uttar Pradesh,884096,113,2002-12-17
743,Branch-0743 East,94 Market Road,Mumbai,Karnataka,871457,643,2000-08-01
744,Branch-0744 North,11 Market Road,Delhi,Gujarat,849096,713,2006-09-11
745,Branch-0745 North,35 Market Road,Bhopal,Rajasthan,476622,871,2005-09-14
746,Branch-0746 Corporate,28 Market Road,Nagpur,Telangana,143441,921,2005-11-10
747,Branch-0747 West,25 Industrial Area,Kanpur,Maharashtra,526936,260,2017-10-03
748,Branch-0748 North,2 Business Park,Nagpur,Madhya Pradesh,342020,958,2019-09-26
749,Branch-0749 East,119 Ring Road,Indore,Madhya Pradesh,200614,626,2024-02-06
750,Branch-0750 North,35 Business Park,Mumbai,Karnataka,727273,92,2018-08-25
751,Branch-0751 Corporate,177 Business Park,Visakhapatnam,Gujarat,496487,886,2001-10-31
752,Branch-0752 North,151 Market Road,Hyderabad,Maharashtra,376478,254,2024-04-11
753,Branch-0753 South,19 Industrial Area,Indore,Karnataka,258162,582,2003-08-22
754,Branch-0754 North,32 Industrial Area,Visakhapatnam,Maharashtra,625428,58,2016-06-16
755,Branch-0755 East,144 Ring Road,Thane,West Bengal,582874,977,2001-10-26
756,Branch-0756 East,61 Industrial Area,Ahmedabad,Delhi,698032,525,2017-08-29
757,Branch-0757 South,94 Business Park,Lucknow,Madhya Pradesh,400878,798,2011-06-05
758,Branch-0758 South,169 Business Park,Bhopal,West Bengal,510534,202,2013-09-25
759,Branch-0759 West,199 Market Road,Pune,Madhya Pradesh,537080,353,2000-05-19
760,Branch-0760 South,167 Industrial Area,Chennai,Rajasthan,298991,133,2007-07-30
761,Branch-0761 East,36 Industrial Area,Hyderabad,Delhi,409872,992,2006-08-03
762,Branch-0762 South,57 Industrial Area,Ahmedabad,Tamil Nadu,786341,569,2014-05-19
763,Branch-0763 South,174 Market Road,Hyderabad,Uttar Pradesh,991447,526,2001-10-05
764,Branch-0764 West,190 Industrial Area,Ghaziabad,Madhya Pradesh,202850,758,2018-04-13
765,Branch-0765 North,165 Market Road,Lucknow,Delhi,789978,616,2017-01-21
766,Branch-0766 South,58 Market Road,Patna,Tamil Nadu,944101,246,2006-01-04
767,Branch-0767 Corporate,74 Industrial Area,Chennai,Tamil Nadu,799096,59,2016-05-10
768,Branch-0768 West,62 Market Road,Pune,Gujarat,312134,973,2001-07-23
769,Branch-0769 Corporate,63 Business Park,Bengaluru,Tamil Nadu,989548,685,2023-09-24
770,Branch-0770 East,105 Business Park,Nagpur,Gujarat,487758,885,2020-12-10
771,Branch-0771 Corporate,101 Ring Road,Visakhapatnam,Tamil Nadu,934735,465,2018-01-02
772,Branch-0772 West,184 Ring Road,Kanpur,Telangana,478003,991,2010-10-05
773,Branch-0773 East,96 Industrial Area,Jaipur,West Bengal,505441,954,2022-07-21
774,Branch-0774 East,18 Industrial Area,Kolkata,Gujarat,232616,81,2007-12-11
775,Branch-0775 South,75 Ring Road,Mumbai,Uttar Pradesh,831634,931,2000-05-09
776,Branch-0776 West,87 Ring Road,Pimpri-Chinchwad,Delhi,954344,350,2008-04-25
777,Branch-0777 East,154 Market Road,Kanpur,Tamil Nadu,703682,391,2017-10-23
778,Branch-0778 South,116 Market Road,Hyderabad,Telangana,114204,465,2012-05-21
779,Branch-0779 North,63 Ring Road,Vadodara,Delhi,378601,186,2017-04-05
780,Branch-0780 Central,75 Business Park,Jaipur,Uttar Pradesh,711866,201,2011-02-12
781,Branch-0781 North,108 Business Park,Lucknow,Tamil Nadu,423953,219,2002-07-03
782,Branch-0782 East,147 Industrial Area,Pune,Rajasthan,336983,107,2000-10-23
783,Branch-0783 Central,138 Business Park,Visakhapatnam,Uttar Pradesh,961878,365,2007-06-29
784,Branch-0784 North,32 Business Park,Nagpur,Uttar Pradesh,568329,95,2012-08-06
785,Branch-0785 South,42 Market Road,Nagpur,Gujarat,875028,918,2007-11-27
786,Branch-0786 East,131 Industrial Area,Jaipur,Gujarat,985146,697,2022-05-05
787,Branch-0787 Central,30 Industrial Area,Kolkata,Karnataka,779587,957,2001-02-18
788,Branch-0788 Corporate,137 Industrial Area,Kanpur,Karnataka,333375,927,2019-12-13
789,Branch-0789 East,117 Market Road,Vadodara,West Bengal,519750,699,2014-07-13
790,Branch-0790 East,50 Market Road,Bhopal,Maharashtra,216890,286,2002-10-11
791,Branch-0791 Corporate,13 Ring Road,Ahmedabad,Rajasthan,663095,65,2001-02-06
792,Branch-0792 South,85 Business Park,Delhi,Maharashtra,259365,496,2007-12-29
793,Branch-0793 Corporate,34 Business Park,Lucknow,Karnataka,435322,475,2008-09-27
794,Branch-0794 Central,110 Business Park,Ghaziabad,Gujarat,337721,991,2005-07-15
795,Branch-0795 North,197 Industrial Area,Pimpri-Chinchwad,Delhi,618391,169,2001-07-28
796,Branch-0796 North,33 Market Road,Indore,Madhya Pradesh,462663,360,2006-11-30
797,Branch-0797 West,200 Industrial Area,Chennai,Maharashtra,730123,661,2008-05-13
798,Branch-0798 West,187 Industrial Area,Pune,Tamil Nadu,234029,737,2016-10-02
799,Branch-0799 West,92 Market Road,Pune,Karnataka,277184,155,2019-11-10
800,Branch-0800 North,181 Market Road,Pimpri-Chinchwad,Madhya Pradesh,737454,179,2000-01-24
801,Branch-0801 South,95 Industrial Area,Pune,Tamil Nadu,336455,133,2010-03-02
802,Branch-0802 East,111 Business Park,Pimpri-Chinchwad,Tamil Nadu,136446,481,2017-10-24
803,Branch-0803 Central,14 Industrial Area,Delhi,Uttar Pradesh,296542,399,2022-05-01
804,Branch-0804 Central,197 Market Road,Kolkata,West Bengal,140448,102,2000-08-19
805,Branch-0805 East,33 Market Road,Indore,Delhi,471427,661,2009-12-20
806,Branch-0806 West,175 Market Road,Bengaluru,Rajasthan,798582,813,2019-07-02
807,Branch-0807 Corporate,197 Ring Road,Patna,Gujarat,917208,413,2021-06-18
808,Branch-0808 North,85 Industrial Area,Jaipur,Karnataka,252199,215,2009-09-20
809,Branch-0809 Corporate,41 Market Road,Chennai,Uttar Pradesh,117707,650,2004-10-04
810,Branch-0810 West,76 Ring Road,Ahmedabad,Tamil Nadu,687426,687,2006-12-02
811,Branch-0811 Corporate,172 Market Road,Chennai,Tamil Nadu,524701,59,2016-11-29
812,Branch-0812 North,160 Ring Road,Kolkata,Tamil Nadu,787959,51,2017-06-23
813,Branch-0813 North,164 Industrial Area,Pune,Delhi,996620,664,2005-02-22
814,Branch-0814 West,16 Ring Road,Indore,Rajasthan,389175,108,2010-08-07
815,Branch-0815 Central,126 Ring Road,Pune,Uttar Pradesh,419700,791,2005-06-22
816,Branch-0816 Corporate,145 Ring Road,Ahmedabad,Maharashtra,792051,74,2009-11-09
817,Branch-0817 East,46 Industrial Area,Delhi,Uttar Pradesh,922655,294,2017-11-29
818,Branch-0818 North,148 Industrial Area,Nagpur,West Bengal,166330,322,2012-06-01
819,Branch-0819 East,13 Ring Road,Kanpur,Gujarat,696301,75,2007-10-26
820,Branch-0820 Corporate,170 Business Park,Nagpur,Delhi,548915,738,2012-01-03
821,Branch-0821 Central,21 Ring Road,Kanpur,West Bengal,384813,18,2004-02-05
822,Branch-0822 West,186 Industrial Area,Vadodara,Telangana,719639,329,2020-03-22
823,Branch-0823 West,129 Ring Road,Chennai,Maharashtra,600338,823,2000-01-09
824,Branch-0824 North,6 Ring Road,Chennai,West Bengal,265985,683,2000-09-01
825,Branch-0825 Central,161 Industrial Area,Hyderabad,Karnataka,864374,678,2004-01-11
826,Branch-0826 North,80 Business Park,Kolkata,Madhya Pradesh,355486,770,2019-04-16
827,Branch-0827 West,105 Industrial Area,Patna,Madhya Pradesh,778707,465,2018-03-18
828,Branch-0828 Central,146 Industrial Area,Kolkata,Delhi,272987,437,2022-01-02
829,Branch-0829 East,61 Business Park,Ghaziabad,Karnataka,238256,449,2017-06-19
830,Branch-0830 Corporate,197 Business Park,Bhopal,Tamil Nadu,829235,591,2023-10-17
831,Branch-0831 West,161 Industrial Area,Patna,West Bengal,469535,243,2009-04-30
832,Branch-0832 Corporate,177 Ring Road,Kolkata,Delhi,731890,94,2017-02-22
833,Branch-0833 South,81 Market Road,Mumbai,Uttar Pradesh,804762,743,2015-01-08
834,Branch-0834 North,61 Business Park,Ahmedabad,Maharashtra,266240,124,2003-02-08
835,Branch-0835 South,8 Ring Road,Visakhapatnam,West Bengal,385514,290,2020-06-16
836,Branch-0836 South,124 Business Park,Delhi,Maharashtra,247094,431,2020-10-28
837,Branch-0837 East,80 Ring Road,Patna,West Bengal,620525,411,2013-05-10
838,Branch-0838 West,116 Industrial Area,Lucknow,Delhi,540181,836,2009-01-11
839,Branch-0839 East,90 Industrial Area,Delhi,Gujarat,999574,339,2001-06-25
840,Branch-0840 Central,106 Market Road,Nagpur,Tamil Nadu,832987,226,2021-02-03
841,Branch-0841 North,11 Industrial Area,Jaipur,Madhya Pradesh,547348,632,2008-05-13
842,Branch-0842 East,114 Business Park,Hyderabad,Madhya Pradesh,781651,367,2006-02-28
843,Branch-0843 West,180 Industrial Area,Pune,Tamil Nadu,315889,51,2016-08-21
844,Branch-0844 West,121 Business Park,Chennai,Tamil Nadu,466754,113,2007-03-31
845,Branch-0845 West,43 Industrial Area,Thane,Telangana,547287,307,2010-07-13
846,Branch-0846 Central,82 Ring Road,Pimpri-Chinchwad,Madhya Pradesh,991225,574,2015-01-17
847,Branch-0847 West,102 Ring Road,Lucknow,West Bengal,789395,446,2011-02-15
848,Branch-0848 South,86 Ring Road,Lucknow,Telangana,422323,727,2011-07-19
849,Branch-0849 Central,80 Business Park,Indore,Madhya Pradesh,732795,604,2010-12-21
850,Branch-0850 West,64 Ring Road,Jaipur,Madhya Pradesh,572792,292,2010-02-26
851,Branch-0851 West,71 Industrial Area,Jaipur,Maharashtra,651366,778,2007-09-08
852,Branch-0852 North,59 Business Park,Vadodara,Tamil Nadu,624816,431,2005-10-03
853,Branch-0853 West,187 Industrial Area,Kolkata,Madhya Pradesh,801505,838,2023-12-01
854,Branch-0854 Corporate,199 Ring Road,Hyderabad,Telangana,265353,107,2000-05-10
855,Branch-0855 West,116 Market Road,Delhi,Karnataka,220736,882,2021-06-22
856,Branch-0856 Central,124 Ring Road,Lucknow,Uttar Pradesh,464639,198,2012-11-16
857,Branch-0857 Corporate,183 Industrial Area,Nagpur,Tamil Nadu,595575,820,2005-12-01
858,Branch-0858 North,11 Market Road,Mumbai,Maharashtra,416430,285,2019-06-01
859,Branch-0859 South,99 Business Park,Ahmedabad,Madhya Pradesh,334300,581,2002-06-13
860,Branch-0860 Central,38 Ring Road,Hyderabad,Karnataka,916615,118,2009-02-24
861,Branch-0861 Corporate,120 Ring Road,Indore,Tamil Nadu,654450,724,2017-07-26
862,Branch-0862 North,86 Ring Road,Visakhapatnam,Maharashtra,682355,963,2019-04-20
863,Branch-0863 Central,148 Market Road,Bengaluru,Gujarat,840102,370,2013-05-20
864,Branch-0864 North,68 Ring Road,Indore,West Bengal,332036,87,2003-04-02
865,Branch-0865 North,140 Ring Road,Delhi,Telangana,411032,912,2008-03-26
866,Branch-0866 North,106 Market Road,Ahmedabad,Maharashtra,999652,255,2008-09-28
867,Branch-0867 South,119 Ring Road,Chennai,Gujarat,526327,213,2004-10-31
868,Branch-0868 Central,79 Market Road,Bhopal,Madhya Pradesh,535877,517,2017-10-10
869,Branch-0869 West,9 Business Park,Patna,Tamil Nadu,845281,725,2006-04-26
870,Branch-0870 West,73 Industrial Area,Vadodara,Maharashtra,260422,908,2004-01-09
871,Branch-0871 Corporate,171 Industrial Area,Bhopal,Gujarat,167540,477,2011-10-27
872,Branch-0872 North,11 Ring Road,Kolkata,Tamil Nadu,161284,159,2010-03-30
873,Branch-0873 West,95 Business Park,Chennai,Karnataka,954659,573,2012-07-28
874,Branch-0874 East,102 Ring Road,Chennai,Rajasthan,888116,345,2007-02-25
875,Branch-0875 North,53 Market Road,Pimpri-Chinchwad,Karnataka,753900,813,2010-06-27
876,Branch-0876 Central,36 Business Park,Ahmedabad,Tamil Nadu,520764,588,2004-11-01
877,Branch-0877 North,54 Business Park,Pune,Maharashtra,330120,203,2011-05-18
878,Branch-0878 East,121 Industrial Area,Bengaluru,Delhi,802889,923,2019-03-10
879,Branch-0879 East,95 Business Park,Bhopal,West Bengal,248891,795,2021-06-16
880,Branch-0880 West,158 Ring Road,Kanpur,Telangana,884746,59,2007-10-14
881,Branch-0881 South,166 Ring Road,Kolkata,Maharashtra,182042,965,2007-10-06
882,Branch-0882 North,190 Ring Road,Visakhapatnam,Karnataka,346402,30,2009-09-21
883,Branch-0883 South,185 Market Road,Delhi,Karnataka,666423,304,2020-07-25
884,Branch-0884 Central,150 Business Park,Bengaluru,Rajasthan,852562,167,2007-05-01
885,Branch-0885 Corporate,35 Ring Road,Delhi,Tamil Nadu,161330,450,2018-07-21
886,Branch-0886 South,171 Industrial Area,Hyderabad,Rajasthan,773388,652,2022-03-19
887,Branch-0887 South,68 Industrial Area,Hyderabad,Madhya Pradesh,924872,853,2008-03-15
888,Branch-0888 South,14 Industrial Area,Nagpur,Uttar Pradesh,338435,550,2019-10-08
889,Branch-0889 North,175 Industrial Area,Ahmedabad,Tamil Nadu,630358,894,2002-11-16
890,Branch-0890 North,41 Ring Road,Ghaziabad,Maharashtra,941654,979,2015-05-25
891,Branch-0891 East,102 Ring Road,Jaipur,Uttar Pradesh,859910,758,2006-08-12
892,Branch-0892 North,126 Market Road,Kolkata,Rajasthan,701257,788,2003-06-04
893,Branch-0893 North,27 Market Road,Bengaluru,Delhi,149436,123,2023-10-25
894,Branch-0894 East,133 Business Park,Pune,Tamil Nadu,821797,567,2018-08-28
895,Branch-0895 Corporate,159 Business Park,Bengaluru,Rajasthan,996593,51,2021-09-28
896,Branch-0896 South,179 Business Park,Pune,Madhya Pradesh,258388,361,2004-08-23
897,Branch-0897 West,160 Ring Road,Nagpur,Karnataka,727234,326,2004-11-27
898,Branch-0898 East,28 Market Road,Chennai,Karnataka,616140,969,2017-05-24
899,Branch-0899 Corporate,67 Market Road,Pune,Uttar Pradesh,576476,187,2007-05-03
900,Branch-0900 Central,94 Ring Road,Ahmedabad,Karnataka,218475,385,2007-11-26
901,Branch-0901 East,175 Ring Road,Jaipur,Madhya Pradesh,777431,392,2008-08-17
902,Branch-0902 North,191 Business Park,Patna,Telangana,312186,1000,2013-01-01
903,Branch-0903 South,79 Industrial Area,Mumbai,Gujarat,626598,861,2023-04-06
904,Branch-0904 East,132 Ring Road,Mumbai,Gujarat,587194,22,2007-06-16
905,Branch-0905 Central,97 Industrial Area,Pimpri-Chinchwad,Tamil Nadu,174838,627,2014-01-18
906,Branch-0906 North,176 Industrial Area,Visakhapatnam,Gujarat,754221,719,2008-02-24
907,Branch-0907 East,111 Market Road,Chennai,Madhya Pradesh,877079,325,2018-07-29
908,Branch-0908 North,70 Market Road,Bhopal,Rajasthan,597198,327,2007-08-25
909,Branch-0909 North,93 Market Road,Mumbai,West Bengal,184466,908,2017-11-30
910,Branch-0910 South,140 Business Park,Ahmedabad,Madhya Pradesh,240321,29,2016-07-18
911,Branch-0911 West,187 Market Road,Ahmedabad,Madhya Pradesh,399722,120,2003-03-14
912,Branch-0912 South,198 Industrial Area,Kolkata,Maharashtra,259000,606,2014-04-02
913,Branch-0913 South,195 Industrial Area,Pune,West Bengal,356233,475,2006-11-30
914,Branch-0914 Corporate,106 Market Road,Ghaziabad,Gujarat,796338,783,2008-01-26
915,Branch-0915 Central,112 Industrial Area,Bengaluru,Tamil Nadu,795463,266,2023-01-27
916,Branch-0916 Central,167 Ring Road,Hyderabad,Telangana,314709,742,2004-10-18
917,Branch-0917 North,169 Business Park,Delhi,Gujarat,701774,548,2010-01-25
918,Branch-0918 Corporate,42 Business Park,Bengaluru,Karnataka,991817,156,2004-03-26
919,Branch-0919 North,21 Ring Road,Lucknow,Uttar Pradesh,794939,934,2005-01-19
920,Branch-0920 Corporate,97 Market Road,Thane,Uttar Pradesh,537420,549,2022-05-28
921,Branch-0921 East,78 Business Park,Hyderabad,Madhya Pradesh,215065,544,2014-08-27
922,Branch-0922 South,144 Business Park,Indore,Gujarat,420439,769,2005-12-28
923,Branch-0923 Corporate,2 Business Park,Indore,Karnataka,697706,951,2022-07-16
924,Branch-0924 East,115 Industrial Area,Pune,Tamil Nadu,646078,336,2017-05-23
925,Branch-0925 Corporate,104 Ring Road,Indore,Gujarat,912720,764,2005-04-29
926,Branch-0926 West,113 Market Road,Kolkata,Gujarat,790491,185,2005-01-05
927,Branch-0927 West,38 Industrial Area,Ahmedabad,Karnataka,178751,198,2008-03-17
928,Branch-0928 Central,80 Business Park,Delhi,Gujarat,271017,627,2011-05-07
929,Branch-0929 West,57 Business Park,Lucknow,Rajasthan,635906,940,2005-01-07
930,Branch-0930 Central,122 Industrial Area,Ahmedabad,West Bengal,716696,625,2012-06-15
931,Branch-0931 West,178 Business Park,Chennai,Uttar Pradesh,832230,204,2004-12-21
932,Branch-0932 Corporate,142 Business Park,Delhi,Telangana,552975,433,2018-05-20
933,Branch-0933 Central,190 Market Road,Mumbai,Maharashtra,105644,357,2008-10-27
934,Branch-0934 Corporate,43 Ring Road,Kolkata,Uttar Pradesh,515267,194,2004-04-27
935,Branch-0935 Central,84 Business Park,Kanpur,Karnataka,383275,251,2023-10-01
936,Branch-0936 North,142 Business Park,Nagpur,Uttar Pradesh,822586,166,2018-09-30
937,Branch-0937 West,45 Business Park,Delhi,Rajasthan,517446,547,2019-05-22
938,Branch-0938 North,119 Industrial Area,Pune,Telangana,285923,865,2009-04-11
939,Branch-0939 West,158 Industrial Area,Kolkata,Telangana,954125,496,2018-04-12
940,Branch-0940 Corporate,23 Ring Road,Hyderabad,Uttar Pradesh,950736,769,2018-01-20
941,Branch-0941 North,103 Industrial Area,Hyderabad,Telangana,555138,566,2013-09-01
942,Branch-0942 Central,2 Business Park,Kolkata,Karnataka,796069,518,2007-01-13
943,Branch-0943 North,59 Market Road,Hyderabad,Uttar Pradesh,990396,521,2010-01-14
944,Branch-0944 South,49 Industrial Area,Ghaziabad,Delhi,654020,489,2014-08-05
945,Branch-0945 Corporate,197 Business Park,Indore,Rajasthan,616956,395,2004-04-05
946,Branch-0946 Corporate,13 Industrial Area,Nagpur,Madhya Pradesh,275162,7,2024-02-22
947,Branch-0947 West,27 Ring Road,Pune,Delhi,751343,131,2020-12-13
948,Branch-0948 West,115 Industrial Area,Hyderabad,Rajasthan,627609,712,2004-12-18
949,Branch-0949 South,153 Industrial Area,Vadodara,Uttar Pradesh,774498,253,2024-04-08
950,Branch-0950 Corporate,78 Ring Road,Visakhapatnam,Karnataka,870099,692,2000-09-29
951,Branch-0951 Corporate,189 Market Road,Indore,West Bengal,486546,713,2017-11-28
952,Branch-0952 West,100 Market Road,Ghaziabad,Tamil Nadu,702665,850,2004-03-23
953,Branch-0953 North,84 Industrial Area,Kolkata,Gujarat,746701,520,2007-04-16
954,Branch-0954 South,85 Market Road,Ghaziabad,Gujarat,803764,446,2000-05-27
955,Branch-0955 East,190 Ring Road,Ahmedabad,Madhya Pradesh,737355,24,2019-12-18
956,Branch-0956 South,162 Industrial Area,Ahmedabad,Madhya Pradesh,532019,434,2013-08-29
957,Branch-0957 Central,197 Industrial Area,Vadodara,Madhya Pradesh,515610,497,2000-12-19
958,Branch-0958 West,2 Industrial Area,Lucknow,Rajasthan,367292,573,2015-10-15
959,Branch-0959 Corporate,160 Ring Road,Indore,Gujarat,178924,977,2022-11-01
960,Branch-0960 North,157 Ring Road,Hyderabad,West Bengal,584487,249,2012-12-17
961,Branch-0961 East,134 Ring Road,Kolkata,West Bengal,868686,596,2024-01-23
962,Branch-0962 West,29 Industrial Area,Lucknow,Madhya Pradesh,659629,29,2011-11-24
963,Branch-0963 South,82 Business Park,Ghaziabad,Karnataka,795081,656,2023-02-02
964,Branch-0964 East,4 Ring Road,Chennai,Delhi,976288,909,2001-05-29
965,Branch-0965 North,104 Market Road,Bhopal,Maharashtra,515978,410,2013-01-01
966,Branch-0966 West,156 Business Park,Mumbai,Uttar Pradesh,287843,278,2023-12-25
967,Branch-0967 South,93 Business Park,Pune,Maharashtra,683303,899,2024-03-16
968,Branch-0968 West,144 Market Road,Delhi,Tamil Nadu,605903,313,2024-04-05
969,Branch-0969 West,62 Industrial Area,Jaipur,Delhi,680210,356,2018-08-29
970,Branch-0970 North,5 Market Road,Bhopal,Tamil Nadu,113343,49,2000-01-11
971,Branch-0971 North,13 Ring Road,Indore,West Bengal,206768,607,2015-12-18
972,Branch-0972 Corporate,54 Business Park,Nagpur,West Bengal,407006,100,2011-09-17
973,Branch-0973 West,51 Industrial Area,Patna,Gujarat,552977,460,2002-04-28
974,Branch-0974 West,196 Industrial Area,Mumbai,Delhi,656604,484,2007-04-08
975,Branch-0975 East,166 Business Park,Mumbai,Delhi,761675,769,2009-02-25
976,Branch-0976 East,97 Business Park,Delhi,Telangana,384566,941,2013-04-05
977,Branch-0977 South,66 Market Road,Ghaziabad,Madhya Pradesh,145367,403,2021-09-16
978,Branch-0978 South,172 Ring Road,Thane,Uttar Pradesh,520341,839,2016-10-14
979,Branch-0979 North,79 Business Park,Indore,Karnataka,925646,797,2005-08-27
980,Branch-0980 Central,84 Ring Road,Ghaziabad,Madhya Pradesh,557376,894,2021-06-05
981,Branch-0981 North,82 Industrial Area,Chennai,Karnataka,996646,186,2005-08-08
982,Branch-0982 West,4 Ring Road,Pune,Telangana,766057,664,2013-03-24
983,Branch-0983 East,9 Ring Road,Visakhapatnam,Gujarat,603736,923,2017-06-10
984,Branch-0984 South,140 Ring Road,Kanpur,Tamil Nadu,726301,229,2019-08-10
985,Branch-0985 South,45 Business Park,Pune,Uttar Pradesh,336164,321,2000-04-10
986,Branch-0986 East,22 Market Road,Lucknow,Tamil Nadu,864049,357,2009-10-14
987,Branch-0987 Central,44 Business Park,Mumbai,Telangana,513544,131,2008-04-16
988,Branch-0988 Central,19 Industrial Area,Pune,Karnataka,764070,994,2020-10-12
989,Branch-0989 East,42 Industrial Area,Jaipur,Uttar Pradesh,773749,559,2011-01-19
990,Branch-0990 West,90 Ring Road,Kanpur,Uttar Pradesh,440497,176,2008-02-12
991,Branch-0991 West,173 Ring Road,Chennai,Tamil Nadu,246740,730,2014-01-09
992,Branch-0992 Central,105 Business Park,Pimpri-Chinchwad,Tamil Nadu,613019,378,2003-10-08
993,Branch-0993 East,19 Business Park,Kanpur,Maharashtra,654794,873,2002-02-11
994,Branch-0994 South,80 Business Park,Jaipur,Rajasthan,576166,315,2012-01-29
995,Branch-0995 East,60 Ring Road,Kolkata,Tamil Nadu,909896,145,2013-05-07
996,Branch-0996 East,137 Ring Road,Hyderabad,Rajasthan,224867,365,2013-06-20
997,Branch-0997 Corporate,148 Industrial Area,Kolkata,Gujarat,403442,868,2009-02-10
998,Branch-0998 Central,87 Market Road,Visakhapatnam,Uttar Pradesh,660270,32,2009-12-20
999,Branch-0999 North,33 Market Road,Thane,Delhi,925769,71,2009-01-06
1000,Branch-1000 North,166 Market Road,Thane,Maharashtra,637898,486,2022-09-12
