employee_id,branch_id,first_name,last_name,role,hire_date,email,phone
1,832,Sarah,Garcia,Credit Analyst,2006-07-14,sarah.garcia1@bank.example.com,7514518732
2,557,Jennifer,Thomas,Underwriter,2009-05-28,jennifer.thomas2@bank.example.com,6041414977
3,446,Elizabeth,Moore,Branch Manager,2012-02-02,elizabeth.moore3@bank.example.com,8938922490
4,186,John,Hernandez,Loan Officer,2014-12-26,john.hernandez4@bank.example.com,8970010714
5,335,Elizabeth,Wilson,Operations,2019-10-29,elizabeth.wilson5@bank.example.com,6913569129
6,495,David,Davis,Operations,2023-01-27,david.davis6@bank.example.com,9368323516
7,104,Thomas,Johnson,Credit Analyst,2017-08-30,thomas.johnson7@bank.example.com,9708605445
8,436,Patricia,Lopez,Collections Officer,2015-09-24,patricia.lopez8@bank.example.com,6807417452
9,891,Elizabeth,Rodriguez,Underwriter,2016-02-20,elizabeth.rodriguez9@bank.example.com,6376335083
10,761,Jessica,Anderson,Underwriter,2008-08-24,jessica.anderson10@bank.example.com,8544724583
11,955,Richard,Jackson,Loan Officer,2011-12-18,richard.jackson11@bank.example.com,6964150979
12,140,Michael,Gonzalez,Credit Analyst,2018-07-24,michael.gonzalez12@bank.example.com,8472147805
13,645,William,Gonzalez,Operations,2014-08-24,william.gonzalez13@bank.example.com,7125251878
14,625,David,Johnson,Credit Analyst,2017-11-25,david.johnson14@bank.example.com,8516151802
15,115,James,Johnson,Loan Officer,2016-12-09,james.johnson15@bank.example.com,8557985356
16,492,Sarah,Hernandez,Branch Manager,2017-12-14,sarah.hernandez16@bank.example.com,6072850799
17,853,Sarah,Davis,Collections Officer,2020-11-25,sarah.davis17@bank.example.com,7461923754
18,722,Jennifer,Brown,Loan Officer,2017-02-13,jennifer.brown18@bank.example.com,8553147512
19,298,Susan,Taylor,Clerk,2008-10-26,susan.taylor19@bank.example.com,8794095703
20,284,Elizabeth,Gonzalez,Collections Officer,2016-07-17,elizabeth.gonzalez20@bank.example.com,9334951843
21,635,Thomas,Martinez,Operations,2023-10-30,thomas.martinez21@bank.example.com,8877593484
22,597,Karen,Anderson,Clerk,2014-10-29,karen.anderson22@bank.example.com,6733136159
23,844,Sarah,Lopez,Operations,2015-12-31,sarah.lopez23@bank.example.com,7411297956
24,773,Charles,Lopez,Credit Analyst,2007-11-02,charles.lopez24@bank.example.com,8226136218
25,53,Patricia,Jackson,Branch Manager,2008-03-21,patricia.jackson25@bank.example.com,6306905951
26,474,Joseph,Jackson,Collections Officer,2017-01-31,joseph.jackson26@bank.example.com,8616505725
27,307,John,Jones,Credit Analyst,2017-02-14,john.jones27@bank.example.com,6805441374
28,921,Karen,Anderson,Loan Officer,2015-05-14,karen.anderson28@bank.example.com,6061799010
29,542,David,Jackson,Clerk,2010-11-22,david.jackson29@bank.example.com,9974736832
30,809,David,Brown,Clerk,2022-10-30,david.brown30@bank.example.com,9976988715
31,509,Michael,Wilson,Operations,2024-08-07,michael.wilson31@bank.example.com,6686662033
32,536,Thomas,Gonzalez,Loan Officer,2006-11-11,thomas.gonzalez32@bank.example.com,6782651309
33,215,Michael,Smith,Credit Analyst,2016-04-11,michael.smith33@bank.example.com,7467671969
34,117,Susan,Moore,Operations,2006-11-03,susan.moore34@bank.example.com,8483016170
35,504,Linda,Martin,Operations,2017-01-31,linda.martin35@bank.example.com,6342679856
36,591,William,Hernandez,Loan Officer,2023-06-02,william.hernandez36@bank.example.com,6097340796
37,646,Karen,Jackson,Operations,2008-09-29,karen.jackson37@bank.example.com,9579402178
38,480,Patricia,Anderson,Credit Analyst,2006-01-20,patricia.anderson38@bank.example.com,7590883933
39,574,David,Jones,Operations,2014-07-16,david.jones39@bank.example.com,9971176895
40,213,Susan,Jackson,Branch Manager,2023-06-18,susan.jackson40@bank.example.com,9390097729
41,644,Barbara,Williams,Operations,2019-09-27,barbara.williams41@bank.example.com,7344672521
42,769,Thomas,Moore,Loan Officer,2021-12-04,thomas.moore42@bank.example.com,9100589930
43,788,Joseph,Smith,Operations,2020-01-02,joseph.smith43@bank.example.com,7367590223
44,690,Michael,Jones,Underwriter,2005-06-13,michael.jones44@bank.example.com,9204598793
45,590,Patricia,Brown,Branch Manager,2022-08-29,patricia.brown45@bank.example.com,8510378462
46,255,John,Smith,Operations,2016-12-12,john.smith46@bank.example.com,6539663597
47,315,Charles,Thomas,Branch Manager,2019-07-01,charles.thomas47@bank.example.com,9720041112
48,125,David,Lopez,Branch Manager,2021-03-24,david.lopez48@bank.example.com,7832198327
49,61,Mary,Jackson,Collections Officer,2016-11-29,mary.jackson49@bank.example.com,7409136244
50,877,Sarah,Brown,Credit Analyst,2021-02-01,sarah.brown50@bank.example.com,6528353758
51,336,Mary,Martinez,Loan Officer,2008-01-17,mary.martinez51@bank.example.com,7285642016
52,212,Michael,Anderson,Underwriter,2006-07-25,michael.anderson52@bank.example.com,9890282021
53,509,David,Taylor,Branch Manager,2013-07-03,david.taylor53@bank.example.com,9253549376
54,937,Richard,Jones,Underwriter,2006-10-09,richard.jones54@bank.example.com,6932149466
55,738,Barbara,Taylor,Credit Analyst,2013-12-29,barbara.taylor55@bank.example.com,8441044403
56,362,Linda,Miller,Branch Manager,2022-11-29,linda.miller56@bank.example.com,8657218780
57,642,Mary,Smith,Clerk,2017-03-19,mary.smith57@bank.example.com,7381936303
58,376,Susan,Williams,Collections Officer,2011-07-20,susan.williams58@bank.example.com,7934293327
59,667,Linda,Williams,Clerk,2024-04-22,linda.williams59@bank.example.com,7657144373
60,599,Richard,Davis,Underwriter,2017-09-28,richard.davis60@bank.example.com,6798595011
61,809,Barbara,Lopez,Loan Officer,2007-04-10,barbara.lopez61@bank.example.com,7631361095
62,403,Elizabeth,Davis,Collections Officer,2018-10-05,elizabeth.davis62@bank.example.com,6182911223
63,933,Robert,Taylor,Branch Manager,2015-07-30,robert.taylor63@bank.example.com,8088037226
64,29,Jennifer,Anderson,Operations,2008-07-21,jennifer.anderson64@bank.example.com,8339478439
65,785,Karen,Wilson,Collections Officer,2013-06-26,karen.wilson65@bank.example.com,7760332011
66,937,James,Hernandez,Branch Manager,2011-08-14,james.hernandez66@bank.example.com,6760592193
67,387,Thomas,Williams,Operations,2010-09-20,thomas.williams67@bank.example.com,7101335912
68,79,John,Wilson,Loan Officer,2007-05-09,john.wilson68@bank.example.com,8677705267
69,650,Joseph,Hernandez,Branch Manager,2012-07-05,joseph.hernandez69@bank.example.com,8299582222
70,849,Elizabeth,Wilson,Clerk,2005-12-18,elizabeth.wilson70@bank.example.com,7603332652
71,194,Patricia,Johnson,Collections Officer,2017-07-26,patricia.johnson71@bank.example.com,8348758451
72,503,James,Jones,Branch Manager,2005-03-09,james.jones72@bank.example.com,7134123763
73,430,Robert,Thomas,Branch Manager,2014-06-21,robert.thomas73@bank.example.com,6576903896
74,270,Thomas,Brown,Collections Officer,2010-10-25,thomas.brown74@bank.example.com,8905254219
75,119,William,Anderson,Credit Analyst,2021-12-07,william.anderson75@bank.example.com,8486835953
76,325,Linda,Jackson,Operations,2009-09-28,linda.jackson76@bank.example.com,9979566431
77,422,James,Jackson,Credit Analyst,2022-11-19,james.jackson77@bank.example.com,6192859513
78,412,Susan,Thomas,Clerk,2020-08-04,susan.thomas78@bank.example.com,9247731710
79,584,Karen,Smith,Branch Manager,2008-11-19,karen.smith79@bank.example.com,8171777339
80,962,Sarah,Rodriguez,Credit Analyst,2016-06-02,sarah.rodriguez80@bank.example.com,7951395832
81,773,William,Hernandez,Clerk,2007-07-06,william.hernandez81@bank.example.com,9675111694
82,551,Linda,Hernandez,Collections Officer,2015-03-06,linda.hernandez82@bank.example.com,6583191171
83,465,Jessica,Brown,Clerk,2009-05-30,jessica.brown83@bank.example.com,6091366782
84,983,Susan,Moore,Credit Analyst,2007-09-09,susan.moore84@bank.example.com,9388025609
85,860,Patricia,Gonzalez,Operations,2023-05-30,patricia.gonzalez85@bank.example.com,7163889399
86,313,Mary,Miller,Branch Manager,2018-04-01,mary.miller86@bank.example.com,8164134349
87,520,Thomas,Williams,Underwriter,2009-08-11,thomas.williams87@bank.example.com,8355260047
88,668,Jessica,Anderson,Collections Officer,2013-01-21,jessica.anderson88@bank.example.com,8198891349
89,220,Linda,Davis,Underwriter,2011-05-16,linda.davis89@bank.example.com,9268388233
90,15,Jessica,Anderson,Operations,2010-08-19,jessica.anderson90@bank.example.com,6404985744
91,620,Linda,Smith,Loan Officer,2018-12-20,linda.smith91@bank.example.com,9921924977
92,198,Patricia,Lopez,Credit Analyst,2023-07-11,patricia.lopez92@bank.example.com,8735531622
93,191,Susan,Smith,Credit Analyst,2007-11-13,susan.smith93@bank.example.com,7700368981
94,271,Robert,Lopez,Operations,2008-09-28,robert.lopez94@bank.example.com,6169733784
95,671,William,Williams,Operations,2008-10-27,william.williams95@bank.example.com,9703792735
96,626,Linda,Williams,Loan Officer,2021-03-30,linda.williams96@bank.example.com,8801920103
97,473,Barbara,Anderson,Branch Manager,2005-03-01,barbara.anderson97@bank.example.com,7153331641
98,21,William,Williams,Loan Officer,2020-11-12,william.williams98@bank.example.com,8964134221
99,859,Jessica,Jackson,Collections Officer,2011-02-08,jessica.jackson99@bank.example.com,6428228769
100,164,Charles,Miller,Clerk,2013-04-30,charles.miller100@bank.example.com,9353437923
101,659,Linda,Moore,Loan Officer,2006-05-03,linda.moore101@bank.example.com,8668824608
102,317,Jessica,Martin,Loan Officer,2019-03-25,jessica.martin102@bank.example.com,9966818618
103,769,Robert,Jones,Clerk,2017-03-15,robert.jones103@bank.example.com,7999805893
104,748,James,Jackson,Collections Officer,2017-07-08,james.jackson104@bank.example.com,8038689728
105,262,Robert,Gonzalez,Operations,2017-11-18,robert.gonzalez105@bank.example.com,7747509852
106,182,Michael,Garcia,Clerk,2006-10-03,michael.garcia106@bank.example.com,8130342062
107,190,Elizabeth,Jones,Clerk,2005-04-25,elizabeth.jones107@bank.example.com,7138229599
108,430,Michael,Garcia,Loan Officer,2007-06-03,michael.garcia108@bank.example.com,8291663117
109,37,Karen,Johnson,Branch Manager,2011-11-08,karen.johnson109@bank.example.com,7643133849
110,102,Thomas,Wilson,Collections Officer,2013-07-23,thomas.wilson110@bank.example.com,6923900025
111,13,Mary,Thomas,Branch Manager,2017-04-02,mary.thomas111@bank.example.com,7715222209
112,58,Joseph,Garcia,Branch Manager,2022-06-22,joseph.garcia112@bank.example.com,6150959137
113,344,Mary,Martin,Operations,2022-10-10,mary.martin113@bank.example.com,7015526552
114,739,Richard,Wilson,Branch Manager,2006-07-29,richard.wilson114@bank.example.com,8453462454
115,420,Barbara,Miller,Credit Analyst,2018-02-01,barbara.miller115@bank.example.com,6133905373
116,477,James,Hernandez,Underwriter,2018-07-27,james.hernandez116@bank.example.com,7344275311
117,99,James,Johnson,Underwriter,2010-06-17,james.johnson117@bank.example.com,6586527145
118,989,David,Jackson,Loan Officer,2005-08-01,david.jackson118@bank.example.com,9429660485
119,631,Joseph,Miller,Underwriter,2007-01-03,joseph.miller119@bank.example.com,6813924467
120,176,Mary,Anderson,Branch Manager,2007-02-06,mary.anderson120@bank.example.com,6468826081
121,833,Michael,Moore,Underwriter,2017-09-14,michael.moore121@bank.example.com,6177195092
122,906,Thomas,Thomas,Loan Officer,2019-09-11,thomas.thomas122@bank.example.com,7674382513
123,191,Jessica,Jones,Loan Officer,2005-07-24,jessica.jones123@bank.example.com,9454291770
124,892,William,Hernandez,Collections Officer,2022-05-08,william.hernandez124@bank.example.com,7199703549
125,508,Susan,Brown,Loan Officer,2017-10-10,susan.brown125@bank.example.com,6718049262
126,486,Sarah,Williams,Operations,2005-02-21,sarah.williams126@bank.example.com,7953300302
127,251,William,Martinez,Underwriter,2006-03-17,william.martinez127@bank.example.com,6621480683
128,301,Linda,Martinez,Operations,2022-08-23,linda.martinez128@bank.example.com,9997212484
129,370,Robert,Garcia,Branch Manager,2007-01-31,robert.garcia129@bank.example.com,8782905994
130,148,Richard,Smith,Clerk,2009-01-23,richard.smith130@bank.example.com,6922017083
131,774,Charles,Rodriguez,Loan Officer,2008-03-08,charles.rodriguez131@bank.example.com,9146357242
132,279,James,Jackson,Clerk,2021-08-22,james.jackson132@bank.example.com,9536015810
133,905,Joseph,Thomas,Branch Manager,2013-06-06,joseph.thomas133@bank.example.com,8650098209
134,691,James,Miller,Branch Manager,2014-06-09,james.miller134@bank.example.com,8755448277
135,97,Barbara,Hernandez,Branch Manager,2007-12-06,barbara.hernandez135@bank.example.com,8020029455
136,668,Susan,Williams,Underwriter,2018-07-09,susan.williams136@bank.example.com,9514748619
137,25,Elizabeth,Moore,Collections Officer,2008-01-03,elizabeth.moore137@bank.example.com,7161137498
138,599,Barbara,Lopez,Credit Analyst,2012-11-13,barbara.lopez138@bank.example.com,6480807675
139,135,Richard,Johnson,Loan Officer,2007-05-21,richard.johnson139@bank.example.com,8469487933
140,979,Patricia,Hernandez,Credit Analyst,2018-01-16,patricia.hernandez140@bank.example.com,9960764501
141,825,John,Garcia,Underwriter,2017-02-14,john.garcia141@bank.example.com,9783188538
142,751,Richard,Martinez,Credit Analyst,2022-12-30,richard.martinez142@bank.example.com,8301503859
143,491,Susan,Rodriguez,Credit Analyst,2014-08-07,susan.rodriguez143@bank.example.com,9398022240
144,130,Thomas,Wilson,Branch Manager,2015-05-26,thomas.wilson144@bank.example.com,7629378180
145,513,Mary,Smith,Credit Analyst,2011-01-15,mary.smith145@bank.example.com,7339864645
146,25,Joseph,Rodriguez,Credit Analyst,2021-10-21,joseph.rodriguez146@bank.example.com,6990940346
147,1000,Joseph,Moore,Loan Officer,2017-08-30,joseph.moore147@bank.example.com,6470451217
148,503,Charles,Johnson,Clerk,2018-11-25,charles.johnson148@bank.example.com,9635134805
149,88,Charles,Jones,Underwriter,2011-09-30,charles.jones149@bank.example.com,6187312532
150,585,Mary,Gonzalez,Collections Officer,2021-04-15,mary.gonzalez150@bank.example.com,9281747122
151,403,Thomas,Miller,Credit Analyst,2021-05-20,thomas.miller151@bank.example.com,8685760051
152,805,Robert,Miller,Clerk,2010-03-03,robert.miller152@bank.example.com,7196588578
153,523,Sarah,Rodriguez,Underwriter,2011-01-25,sarah.rodriguez153@bank.example.com,7928643763
154,162,Mary,Taylor,Loan Officer,2010-01-10,mary.taylor154@bank.example.com,8465673094
155,327,Thomas,Wilson,Clerk,2014-09-07,thomas.wilson155@bank.example.com,6805270533
156,173,Robert,Smith,Loan Officer,2008-09-25,robert.smith156@bank.example.com,6855994949
157,888,Jessica,Jones,Loan Officer,2013-01-22,jessica.jones157@bank.example.com,9876905379
158,900,David,Smith,Branch Manager,2022-01-29,david.smith158@bank.example.com,6935461091
159,22,James,Johnson,Loan Officer,2017-04-21,james.johnson159@bank.example.com,8229075789
160,813,Richard,Davis,Clerk,2021-09-07,richard.davis160@bank.example.com,9067969260
161,246,Richard,Anderson,Credit Analyst,2007-07-01,richard.anderson161@bank.example.com,8629320728
162,529,James,Smith,Credit Analyst,2017-10-28,james.smith162@bank.example.com,9299041446
163,125,Charles,Williams,Clerk,2007-09-03,charles.williams163@bank.example.com,7744589024
164,594,James,Smith,Operations,2024-01-28,james.smith164@bank.example.com,6396619966
165,772,Richard,Jackson,Collections Officer,2019-01-30,richard.jackson165@bank.example.com,6653986572
166,702,Linda,Jones,Underwriter,2009-07-10,linda.jones166@bank.example.com,7961710542
167,968,Charles,Moore,Operations,2017-12-12,charles.moore167@bank.example.com,9121391935
168,46,Joseph,Martin,Underwriter,2005-03-14,joseph.martin168@bank.example.com,8326914565
169,557,David,Martinez,Operations,2006-11-05,david.martinez169@bank.example.com,9670349469
170,492,Sarah,Wilson,Clerk,2013-09-18,sarah.wilson170@bank.example.com,7052025838
171,24,Mary,Johnson,Credit Analyst,2023-04-21,mary.johnson171@bank.example.com,9612744020
172,284,Charles,Taylor,Collections Officer,2009-12-01,charles.taylor172@bank.example.com,7069623684
173,912,Susan,Brown,Loan Officer,2021-03-20,susan.brown173@bank.example.com,9586437898
174,85,Linda,Anderson,Loan Officer,2016-09-27,linda.anderson174@bank.example.com,9789795295
175,95,John,Hernandez,Collections Officer,2018-07-21,john.hernandez175@bank.example.com,8384977988
176,338,Barbara,Rodriguez,Credit Analyst,2008-03-05,barbara.rodriguez176@bank.example.com,9260866216
177,154,Charles,Martinez,Loan Officer,2009-03-30,charles.martinez177@bank.example.com,8731264092
178,71,William,Smith,Clerk,2009-07-25,william.smith178@bank.example.com,7391320027
179,423,Linda,Rodriguez,Underwriter,2005-09-03,linda.rodriguez179@bank.example.com,7917607120
180,967,David,Gonzalez,Credit Analyst,2018-08-15,david.gonzalez180@bank.example.com,8565085237
181,596,William,Martinez,Collections Officer,2011-02-18,william.martinez181@bank.example.com,9707545416
182,453,Richard,Wilson,Branch Manager,2021-01-23,richard.wilson182@bank.example.com,6230504525
183,564,Patricia,Johnson,Branch Manager,2010-12-28,patricia.johnson183@bank.example.com,9784873690
184,724,James,Jones,Operations,2017-02-03,james.jones184@bank.example.com,9909493291
185,156,John,Taylor,Branch Manager,2019-08-22,john.taylor185@bank.example.com,6955596753
186,611,Thomas,Anderson,Operations,2011-06-26,thomas.anderson186@bank.example.com,6004847288
187,145,Robert,Gonzalez,Loan Officer,2016-11-27,robert.gonzalez187@bank.example.com,7488853069
188,509,Thomas,Williams,Clerk,2020-06-13,thomas.williams188@bank.example.com,7394840746
189,233,Robert,Anderson,Operations,2013-01-15,robert.anderson189@bank.example.com,8736639253
190,320,Michael,Wilson,Branch Manager,2009-12-26,michael.wilson190@bank.example.com,7479362012
191,9,Joseph,Smith,Clerk,2006-12-16,joseph.smith191@bank.example.com,6684919971
192,791,Karen,Brown,Credit Analyst,2008-02-17,karen.brown192@bank.example.com,8369363652
193,563,David,Brown,Loan Officer,2020-05-26,david.brown193@bank.example.com,7798186382
194,806,John,Garcia,Collections Officer,2012-05-05,john.garcia194@bank.example.com,7485850665
195,294,Charles,Smith,Collections Officer,2024-06-06,charles.smith195@bank.example.com,9832202870
196,905,Richard,Brown,Loan Officer,2006-05-14,richard.brown196@bank.example.com,7995649101
197,225,Karen,Garcia,Loan Officer,2010-12-07,karen.garcia197@bank.example.com,7831677036
198,56,Susan,Smith,Loan Officer,2007-11-13,susan.smith198@bank.example.com,8411871526
199,147,Linda,Taylor,Underwriter,2006-12-11,linda.taylor199@bank.example.com,6127237194
200,206,John,Garcia,Branch Manager,2017-09-26,john.garcia200@bank.example.com,9156835725
201,360,Susan,Williams,Loan Officer,2007-10-22,susan.williams201@bank.example.com,6126122013
202,733,William,Moore,Clerk,2005-04-05,william.moore202@bank.example.com,8137856424
203,770,Susan,Wilson,Clerk,2010-01-13,susan.wilson203@bank.example.com,9499954787
204,391,William,Martinez,Collections Officer,2006-01-12,william.martinez204@bank.example.com,9759467603
205,916,Elizabeth,Garcia,Branch Manager,2014-11-12,elizabeth.garcia205@bank.example.com,7799427715
206,393,Linda,Martinez,Operations,2005-07-26,linda.martinez206@bank.example.com,6459866124
207,341,Karen,Williams,Branch Manager,2005-02-26,karen.williams207@bank.example.com,7571747339
208,988,Jessica,Miller,Collections Officer,2011-12-08,jessica.miller208@bank.example.com,8112342618
209,241,Robert,Rodriguez,Clerk,2017-07-10,robert.rodriguez209@bank.example.com,7811856663
210,420,John,Thomas,Credit Analyst,2008-10-17,john.thomas210@bank.example.com,6700860908
211,768,David,Brown,Collections Officer,2007-10-31,david.brown211@bank.example.com,9547858414
212,404,Joseph,Garcia,Underwriter,2005-02-01,joseph.garcia212@bank.example.com,8187804570
213,721,Richard,Wilson,Operations,2013-09-09,richard.wilson213@bank.example.com,7507887375
214,877,Richard,Jones,Branch Manager,2011-03-12,richard.jones214@bank.example.com,6328944662
215,906,Karen,Anderson,Underwriter,2024-02-13,karen.anderson215@bank.example.com,8344096972
216,877,Joseph,Taylor,Operations,2011-01-18,joseph.taylor216@bank.example.com,9393483338
217,485,Karen,Martinez,Underwriter,2023-08-13,karen.martinez217@bank.example.com,6345829053
218,62,Jennifer,Jackson,Collections Officer,2009-08-29,jennifer.jackson218@bank.example.com,7553084324
219,423,James,Johnson,Loan Officer,2023-02-01,james.johnson219@bank.example.com,8191549536
220,580,Elizabeth,Taylor,Underwriter,2011-10-05,elizabeth.taylor220@bank.example.com,6625237388
221,321,Robert,Davis,Operations,2011-02-06,robert.davis221@bank.example.com,9486203607
222,55,Michael,Martinez,Clerk,2021-04-14,michael.martinez222@bank.example.com,7800777282
223,157,Richard,Moore,Loan Officer,2008-05-20,richard.moore223@bank.example.com,6373149551
224,864,David,Wilson,Clerk,2018-07-24,david.wilson224@bank.example.com,9170780168
225,366,Barbara,Garcia,Clerk,2017-11-23,barbara.garcia225@bank.example.com,9374361321
226,994,Jennifer,Smith,Underwriter,2019-10-21,jennifer.smith226@bank.example.com,8967635065
227,659,William,Martinez,Operations,2006-12-22,william.martinez227@bank.example.com,9291727088
228,687,Patricia,Brown,Collections Officer,2018-09-27,patricia.brown228@bank.example.com,8117666360
229,564,Michael,Moore,Loan Officer,2016-11-30,michael.moore229@bank.example.com,6630293851
230,3,Joseph,Davis,Operations,2019-12-31,joseph.davis230@bank.example.com,7842689134
231,231,Linda,Martinez,Clerk,2020-03-10,linda.martinez231@bank.example.com,8520112231
232,896,Elizabeth,Taylor,Operations,2016-04-11,elizabeth.taylor232@bank.example.com,9462995869
233,541,Jennifer,Williams,Credit Analyst,2011-03-22,jennifer.williams233@bank.example.com,8519799248
234,24,Susan,Moore,Underwriter,2014-02-02,susan.moore234@bank.example.com,7115275724
235,868,James,Lopez,Loan Officer,2023-04-26,james.lopez235@bank.example.com,6432745886
236,94,Mary,Garcia,Branch Manager,2023-04-14,mary.garcia236@bank.example.com,9771679902
237,201,Barbara,Martinez,Collections Officer,2021-10-25,barbara.martinez237@bank.example.com,7198149405
238,254,John,Garcia,Operations,2005-08-29,john.garcia238@bank.example.com,6508798426
239,319,Richard,Johnson,Credit Analyst,2021-09-08,richard.johnson239@bank.example.com,8267281396
240,844,Susan,Smith,Branch Manager,2016-02-21,susan.smith240@bank.example.com,6611077723
241,395,Patricia,Taylor,Loan Officer,2006-04-24,patricia.taylor241@bank.example.com,6870313974
242,716,Jennifer,Johnson,Branch Manager,2007-05-11,jennifer.johnson242@bank.example.com,8554107526
243,848,Joseph,Moore,Credit Analyst,2018-12-21,joseph.moore243@bank.example.com,8595838841
244,92,Mary,Williams,Operations,2011-03-12,mary.williams244@bank.example.com,6139301798
245,305,James,Miller,Underwriter,2023-03-30,james.miller245@bank.example.com,6501551011
246,769,Linda,Brown,Collections Officer,2016-02-19,linda.brown246@bank.example.com,9210653582
247,843,Patricia,Jackson,Underwriter,2022-02-02,patricia.jackson247@bank.example.com,8801313196
248,47,Sarah,Wilson,Operations,2021-10-21,sarah.wilson248@bank.example.com,6450809572
249,779,Richard,Jones,Clerk,2020-05-03,richard.jones249@bank.example.com,9072142863
250,740,Karen,Johnson,Credit Analyst,2010-10-18,karen.johnson250@bank.example.com,6423149511
251,866,Charles,Martinez,Collections Officer,2015-06-20,charles.martinez251@bank.example.com,9528210854
252,889,Thomas,Hernandez,Clerk,2005-03-19,thomas.hernandez252@bank.example.com,8700187194
253,211,Patricia,Williams,Underwriter,2012-08-23,patricia.williams253@bank.example.com,6959739971
254,170,David,Taylor,Collections Officer,2007-09-05,david.taylor254@bank.example.com,6097211493
255,572,Jessica,Garcia,Credit Analyst,2020-02-29,jessica.garcia255@bank.example.com,9724717365
256,763,Joseph,Taylor,Loan Officer,2015-07-31,joseph.taylor256@bank.example.com,6590995296
257,779,Joseph,Martin,Loan Officer,2021-01-14,joseph.martin257@bank.example.com,6973658798
258,969,Joseph,Brown,Underwriter,2007-05-17,joseph.brown258@bank.example.com,7832885764
259,707,James,Moore,Credit Analyst,2007-06-29,james.moore259@bank.example.com,9346626632
260,1000,Karen,Thomas,Operations,2008-06-20,karen.thomas260@bank.example.com,6557394315
261,901,Michael,Martin,Operations,2018-03-11,michael.martin261@bank.example.com,8721906576
262,493,Richard,Rodriguez,Underwriter,2022-05-19,richard.rodriguez262@bank.example.com,6518035199
263,497,Sarah,Miller,Clerk,2023-10-14,sarah.miller263@bank.example.com,6973604824
264,900,Mary,Anderson,Underwriter,2017-07-21,mary.anderson264@bank.example.com,9707807308
265,187,Patricia,Smith,Operations,2011-06-08,patricia.smith265@bank.example.com,8349475467
266,376,James,Moore,Operations,2012-11-22,james.moore266@bank.example.com,7999402136
267,16,Thomas,Johnson,Branch Manager,2019-08-11,thomas.johnson267@bank.example.com,7103347741
268,818,Elizabeth,Miller,Operations,2008-01-11,elizabeth.miller268@bank.example.com,6916061883
269,167,Richard,Garcia,Operations,2007-09-23,richard.garcia269@bank.example.com,7678056920
270,809,Charles,Johnson,Underwriter,2018-07-07,charles.johnson270@bank.example.com,8872859238
271,361,Richard,Moore,Operations,2015-03-24,richard.moore271@bank.example.com,7114894493
272,21,Richard,Thomas,Underwriter,2022-12-18,richard.thomas272@bank.example.com,7900454337
273,448,Barbara,Williams,Credit Analyst,2020-06-24,barbara.williams273@bank.example.com,6508499097
274,871,Linda,Jackson,Clerk,2020-08-19,linda.jackson274@bank.example.com,9215074266
275,330,Robert,Williams,Loan Officer,2021-07-03,robert.williams275@bank.example.com,6495811330
276,844,Susan,Martinez,Branch Manager,2013-09-17,susan.martinez276@bank.example.com,6312242559
277,951,James,Thomas,Loan Officer,2009-11-18,james.thomas277@bank.example.com,6848792701
278,964,Barbara,Johnson,Operations,2019-07-21,barbara.johnson278@bank.example.com,8244900984
279,289,William,Garcia,Operations,2009-10-02,william.garcia279@bank.example.com,9018572896
280,552,Patricia,Martin,Operations,2009-12-25,patricia.martin280@bank.example.com,8482007078
281,555,Robert,Martinez,Operations,2011-07-27,robert.martinez281@bank.example.com,8162040254
282,25,John,Davis,Loan Officer,2011-10-06,john.davis282@bank.example.com,9920767083
283,616,Patricia,Wilson,Operations,2023-02-27,patricia.wilson283@bank.example.com,6320379890
284,879,James,Hernandez,Branch Manager,2006-01-19,james.hernandez284@bank.example.com,6632906836
285,934,Patricia,Lopez,Loan Officer,2013-06-16,patricia.lopez285@bank.example.com,8045569108
286,398,Barbara,Moore,Collections Officer,2011-07-11,barbara.moore286@bank.example.com,7736368846
287,684,Linda,Davis,Operations,2018-10-13,linda.davis287@bank.example.com,9704416865
288,318,David,Davis,Credit Analyst,2007-01-14,david.davis288@bank.example.com,6401460920
289,18,James,Hernandez,Operations,2007-08-29,james.hernandez289@bank.example.com,9781566029
290,431,William,Thomas,Clerk,2022-03-30,william.thomas290@bank.example.com,6667730397
291,840,Jessica,Taylor,Operations,2018-02-16,jessica.taylor291@bank.example.com,9381161456
292,328,Susan,Brown,Underwriter,2010-07-15,susan.brown292@bank.example.com,8370003874
293,763,David,Hernandez,Operations,2024-05-20,david.hernandez293@bank.example.com,6477459038
294,789,Robert,Moore,Loan Officer,2015-01-27,robert.moore294@bank.example.com,9898143985
295,827,Jessica,Hernandez,Loan Officer,2008-01-03,jessica.hernandez295@bank.example.com,7005925242
296,784,Charles,Lopez,Credit Analyst,2016-03-01,charles.lopez296@bank.example.com,8176215494
297,371,Patricia,Hernandez,Clerk,2008-06-21,patricia.hernandez297@bank.example.com,7616542115
298,473,Mary,Martin,Branch Manager,2010-02-04,mary.martin298@bank.example.com,9154017806
299,158,Richard,Smith,Clerk,2022-08-25,richard.smith299@bank.example.com,7257217573
300,791,Susan,Lopez,Clerk,2014-06-26,susan.lopez300@bank.example.com,9320714575
301,145,Joseph,Anderson,Loan Officer,2013-01-12,joseph.anderson301@bank.example.com,6277703367
302,28,Joseph,Brown,Underwriter,2009-07-26,joseph.brown302@bank.example.com,6262620615
303,126,Thomas,Anderson,Clerk,2013-08-14,thomas.anderson303@bank.example.com,9459634666
304,545,William,Thomas,Collections Officer,2021-11-18,william.thomas304@bank.example.com,6987327684
305,222,Jessica,Johnson,Loan Officer,2015-12-01,jessica.johnson305@bank.example.com,7366015099
306,543,Elizabeth,Davis,Loan Officer,2022-05-31,elizabeth.davis306@bank.example.com,6797628645
307,842,Joseph,Martinez,Loan Officer,2023-11-08,joseph.martinez307@bank.example.com,7295852225
308,723,Thomas,Hernandez,Underwriter,2020-01-25,thomas.hernandez308@bank.example.com,6777680689
309,166,Richard,Johnson,Credit Analyst,2008-11-16,richard.johnson309@bank.example.com,7427349870
310,702,William,Gonzalez,Credit Analyst,2014-01-13,william.gonzalez310@bank.example.com,6633510117
311,569,Joseph,Garcia,Credit Analyst,2023-09-15,joseph.garcia311@bank.example.com,7289595634
312,427,Mary,Anderson,Underwriter,2010-08-16,mary.anderson312@bank.example.com,6584574045
313,669,James,Anderson,Underwriter,2020-04-28,james.anderson313@bank.example.com,6888518891
314,969,Robert,Thomas,Loan Officer,2024-04-13,robert.thomas314@bank.example.com,9585588334
315,214,Michael,Hernandez,Collections Officer,2017-04-21,michael.hernandez315@bank.example.com,9955007130
316,428,Richard,Thomas,Collections Officer,2008-02-08,richard.thomas316@bank.example.com,7538176113
317,224,Karen,Jones,Credit Analyst,2014-09-03,karen.jones317@bank.example.com,9101119132
318,622,Thomas,Thomas,Loan Officer,2014-02-12,thomas.thomas318@bank.example.com,9847950702
319,530,James,Rodriguez,Credit Analyst,2013-10-28,james.rodriguez319@bank.example.com,8539707701
320,59,Linda,Garcia,Collections Officer,2012-07-04,linda.garcia320@bank.example.com,9350813657
321,266,Barbara,Davis,Loan Officer,2012-10-12,barbara.davis321@bank.example.com,9385322316
322,967,James,Taylor,Operations,2018-07-19,james.taylor322@bank.example.com,9315727014
323,205,Robert,Thomas,Credit Analyst,2014-05-19,robert.thomas323@bank.example.com,9187740647
324,611,John,Hernandez,Operations,2015-01-30,john.hernandez324@bank.example.com,7842817130
325,322,William,Smith,Branch Manager,2020-04-17,william.smith325@bank.example.com,8818519121
326,462,David,Wilson,Loan Officer,2021-07-11,david.wilson326@bank.example.com,8034482951
327,903,Thomas,Martin,Underwriter,2016-03-18,thomas.martin327@bank.example.com,9052347110
328,261,David,Lopez,Branch Manager,2014-10-15,david.lopez328@bank.example.com,9653034521
329,722,John,Jackson,Operations,2005-08-15,john.jackson329@bank.example.com,7036118146
330,151,Thomas,Rodriguez,Operations,2009-01-22,thomas.rodriguez330@bank.example.com,8048084698
331,768,Michael,Gonzalez,Operations,2007-12-03,michael.gonzalez331@bank.example.com,7956107046
332,62,Michael,Garcia,Collections Officer,2008-12-13,michael.garcia332@bank.example.com,6753514187
333,106,Robert,Thomas,Loan Officer,2022-01-30,robert.thomas333@bank.example.com,6322170894
334,667,Joseph,Lopez,Underwriter,2014-07-22,joseph.lopez334@bank.example.com,8605959759
335,110,Patricia,Thomas,Underwriter,2008-09-08,patricia.thomas335@bank.example.com,6245698603
336,632,Elizabeth,Garcia,Credit Analyst,2013-05-06,elizabeth.garcia336@bank.example.com,6489712378
337,858,Elizabeth,Rodriguez,Credit Analyst,2014-01-24,elizabeth.rodriguez337@bank.example.com,8478730767
338,34,Sarah,Davis,Clerk,2008-12-10,sarah.davis338@bank.example.com,6444809792
339,9,Susan,Jackson,Branch Manager,2018-02-10,susan.jackson339@bank.example.com,9678544533
340,31,Jennifer,Garcia,Branch Manager,2021-10-02,jennifer.garcia340@bank.example.com,7774717719
341,15,Charles,Moore,Loan Officer,2010-12-21,charles.moore341@bank.example.com,6791926355
342,508,Richard,Rodriguez,Operations,2006-09-27,richard.rodriguez342@bank.example.com,6260060364
343,26,Susan,Moore,Operations,2006-08-09,susan.moore343@bank.example.com,7935213263
344,944,Joseph,Smith,Branch Manager,2023-01-31,joseph.smith344@bank.example.com,6345251261
345,457,Richard,Miller,Operations,2005-11-19,richard.miller345@bank.example.com,9814670811
346,964,David,Smith,Loan Officer,2011-07-14,david.smith346@bank.example.com,8505265275
347,190,Michael,Miller,Underwriter,2023-09-25,michael.miller347@bank.example.com,7970694258
348,939,Jennifer,Rodriguez,Clerk,2013-06-14,jennifer.rodriguez348@bank.example.com,8480653221
349,884,Linda,Brown,Operations,2014-11-19,linda.brown349@bank.example.com,6686806875
350,802,Charles,Rodriguez,Underwriter,2014-09-20,charles.rodriguez350@bank.example.com,7037947457
351,553,Sarah,Smith,Branch Manager,2017-08-16,sarah.smith351@bank.example.com,6139635038
352,267,Richard,Hernandez,Loan Officer,2008-07-04,richard.hernandez352@bank.example.com,9783764845
353,747,Barbara,Martin,Credit Analyst,2023-05-04,barbara.martin353@bank.example.com,8362411089
354,716,David,Brown,Credit Analyst,2009-11-29,david.brown354@bank.example.com,9170373503
355,131,Karen,Davis,Underwriter,2020-09-19,karen.davis355@bank.example.com,6678620618
356,554,Jessica,Garcia,Operations,2006-12-14,jessica.garcia356@bank.example.com,6687475315
357,842,Charles,Brown,Underwriter,2009-12-26,charles.brown357@bank.example.com,7494913514
358,999,Mary,Martinez,Operations,2017-08-19,mary.martinez358@bank.example.com,9509435728
359,129,Susan,Johnson,Operations,2014-08-28,susan.johnson359@bank.example.com,9086046952
360,405,Susan,Anderson,Collections Officer,2012-06-05,susan.anderson360@bank.example.com,9539322812
361,884,Jennifer,Anderson,Branch Manager,2017-05-27,jennifer.anderson361@bank.example.com,8768197794
362,211,Elizabeth,Lopez,Credit Analyst,2015-12-22,elizabeth.lopez362@bank.example.com,7137199905
363,383,Karen,Jackson,Loan Officer,2015-02-26,karen.jackson363@bank.example.com,9104342076
364,880,James,Taylor,Credit Analyst,2014-10-03,james.taylor364@bank.example.com,7294299655
365,767,James,Wilson,Underwriter,2013-02-24,james.wilson365@bank.example.com,9236418289
366,174,Susan,Smith,Loan Officer,2017-03-28,susan.smith366@bank.example.com,6043935619
367,983,Patricia,Jackson,Operations,2023-12-10,patricia.jackson367@bank.example.com,6737692165
368,170,Karen,Johnson,Branch Manager,2022-04-23,karen.johnson368@bank.example.com,6333952260
369,904,Barbara,Martinez,Operations,2010-05-06,barbara.martinez369@bank.example.com,8661576317
370,266,Mary,Rodriguez,Credit Analyst,2017-11-03,mary.rodriguez370@bank.example.com,9925040657
371,231,Mary,Jackson,Branch Manager,2008-07-09,mary.jackson371@bank.example.com,7496778512
372,212,Michael,Davis,Branch Manager,2005-02-23,michael.davis372@bank.example.com,6720578321
373,69,Linda,Lopez,Loan Officer,2008-06-15,linda.lopez373@bank.example.com,9477151836
374,353,Barbara,Hernandez,Operations,2006-05-02,barbara.hernandez374@bank.example.com,6487573698
375,346,Karen,Davis,Clerk,2012-05-15,karen.davis375@bank.example.com,9419715803
376,876,Mary,Davis,Underwriter,2018-01-11,mary.davis376@bank.example.com,8165924690
377,292,Sarah,Moore,Collections Officer,2022-07-28,sarah.moore377@bank.example.com,6894002803
378,774,Karen,Miller,Operations,2010-07-05,karen.miller378@bank.example.com,6827846810
379,871,Jennifer,Martinez,Branch Manager,2013-11-03,jennifer.martinez379@bank.example.com,9947660867
380,437,Jennifer,Jackson,Branch Manager,2005-03-01,jennifer.jackson380@bank.example.com,9486850846
381,356,Sarah,Smith,Credit Analyst,2021-09-30,sarah.smith381@bank.example.com,9180075055
382,126,Sarah,Davis,Branch Manager,2023-08-27,sarah.davis382@bank.example.com,9387269524
383,93,William,Rodriguez,Branch Manager,2018-01-02,william.rodriguez383@bank.example.com,6247098953
384,770,Joseph,Hernandez,Credit Analyst,2013-10-23,joseph.hernandez384@bank.example.com,7344569241
385,630,Karen,Martin,Branch Manager,2006-04-08,karen.martin385@bank.example.com,6506395539
386,991,Robert,Davis,Underwriter,2014-01-02,robert.davis386@bank.example.com,6850781136
387,471,John,Thomas,Clerk,2018-03-10,john.thomas387@bank.example.com,7596418983
388,68,William,Garcia,Loan Officer,2013-08-12,william.garcia388@bank.example.com,6782767855
389,657,Karen,Rodriguez,Loan Officer,2017-09-14,karen.rodriguez389@bank.example.com,6872520346
390,638,Joseph,Hernandez,Operations,2007-03-13,joseph.hernandez390@bank.example.com,8516665536
391,406,Robert,Garcia,Underwriter,2006-09-15,robert.garcia391@bank.example.com,9019321783
392,494,Linda,Brown,Clerk,2010-03-17,linda.brown392@bank.example.com,9103316266
393,967,Richard,Jones,Underwriter,2024-03-05,richard.jones393@bank.example.com,7177119450
394,155,Jessica,Hernandez,Collections Officer,2024-02-19,jessica.hernandez394@bank.example.com,8184832424
395,393,Richard,Rodriguez,Loan Officer,2008-03-08,richard.rodriguez395@bank.example.com,9011714914
396,436,James,Martin,Loan Officer,2015-01-23,james.martin396@bank.example.com,9473131949
397,5,Linda,Smith,Credit Analyst,2018-04-21,linda.smith397@bank.example.com,6680061657
398,323,Sarah,Rodriguez,Operations,2008-01-31,sarah.rodriguez398@bank.example.com,7161711840
399,171,Mary,Miller,Collections Officer,2007-05-18,mary.miller399@bank.example.com,6269700756
400,881,Barbara,Davis,Clerk,2012-12-15,barbara.davis400@bank.example.com,6042662311
401,278,David,Brown,Branch Manager,2021-02-22,david.brown401@bank.example.com,9315255399
402,596,Robert,Brown,Collections Officer,2007-05-11,robert.brown402@bank.example.com,7286397245
403,530,Linda,Johnson,Operations,2014-11-27,linda.johnson403@bank.example.com,8083550750
404,654,Charles,Anderson,Branch Manager,2010-11-08,charles.anderson404@bank.example.com,8002046460
405,384,Karen,Jones,Collections Officer,2021-08-17,karen.jones405@bank.example.com,7079429565
406,995,Robert,Jones,Loan Officer,2016-04-03,robert.jones406@bank.example.com,8341857514
407,644,Linda,Rodriguez,Operations,2020-02-24,linda.rodriguez407@bank.example.com,7380127944
408,605,Sarah,Brown,Branch Manager,2021-07-04,sarah.brown408@bank.example.com,9984316301
409,791,James,Martinez,Credit Analyst,2015-11-02,james.martinez409@bank.example.com,8115864847
410,505,Mary,Wilson,Collections Officer,2013-07-29,mary.wilson410@bank.example.com,9562738983
411,985,Charles,Miller,Branch Manager,2010-04-05,charles.miller411@bank.example.com,9253668332
412,604,Jennifer,Jackson,Credit Analyst,2014-08-24,jennifer.jackson412@bank.example.com,7521664633
413,894,Patricia,Lopez,Credit Analyst,2006-04-14,patricia.lopez413@bank.example.com,6712660304
414,734,David,Anderson,Credit Analyst,2019-12-05,david.anderson414@bank.example.com,7244836650
415,59,Susan,Rodriguez,Credit Analyst,2012-06-25,susan.rodriguez415@bank.example.com,8733917672
416,753,Thomas,Lopez,Credit Analyst,2016-11-24,thomas.lopez416@bank.example.com,6825086586
417,997,Sarah,Garcia,Operations,2012-03-11,sarah.garcia417@bank.example.com,9004203936
418,139,Susan,Thomas,Underwriter,2022-09-08,susan.thomas418@bank.example.com,6738309542
419,273,James,Taylor,Underwriter,2015-10-26,james.taylor419@bank.example.com,6538285212
420,372,Charles,Garcia,Clerk,2009-11-11,charles.garcia420@bank.example.com,9703393691
421,83,David,Lopez,Operations,2018-02-19,david.lopez421@bank.example.com,7682725757
422,163,Jennifer,Moore,Branch Manager,2009-02-12,jennifer.moore422@bank.example.com,9734802129
423,774,Barbara,Smith,Loan Officer,2016-12-17,barbara.smith423@bank.example.com,6787486695
424,173,Barbara,Gonzalez,Operations,2011-09-23,barbara.gonzalez424@bank.example.com,7920804426
425,422,Jennifer,Moore,Branch Manager,2018-03-18,jennifer.moore425@bank.example.com,9266232626
426,662,William,Garcia,Loan Officer,2007-01-13,william.garcia426@bank.example.com,9655367869
427,252,Jennifer,Garcia,Clerk,2006-12-16,jennifer.garcia427@bank.example.com,7234689312
428,180,Charles,Jackson,Credit Analyst,2005-04-04,charles.jackson428@bank.example.com,9384696270
429,720,James,Martin,Collections Officer,2014-05-14,james.martin429@bank.example.com,7694016689
430,41,Jennifer,Anderson,Branch Manager,2014-03-12,jennifer.anderson430@bank.example.com,7711552716
431,941,James,Rodriguez,Operations,2012-09-08,james.rodriguez431@bank.example.com,9556367026
432,370,Mary,Jackson,Underwriter,2009-05-10,mary.jackson432@bank.example.com,6795048055
433,857,John,Thomas,Clerk,2019-07-07,john.thomas433@bank.example.com,6168955940
434,630,James,Davis,Loan Officer,2006-02-13,james.davis434@bank.example.com,9166781732
435,225,John,Jackson,Branch Manager,2013-04-26,john.jackson435@bank.example.com,9277126738
436,635,Michael,Moore,Branch Manager,2008-01-07,michael.moore436@bank.example.com,6688578206
437,96,Elizabeth,Anderson,Loan Officer,2018-04-11,elizabeth.anderson437@bank.example.com,6954310749
438,712,Richard,Smith,Loan Officer,2014-06-02,richard.smith438@bank.example.com,6091344013
439,473,Thomas,Jones,Underwriter,2019-10-14,thomas.jones439@bank.example.com,6160081452
440,288,David,Gonzalez,Underwriter,2007-06-28,david.gonzalez440@bank.example.com,9966268639
441,486,Susan,Johnson,Underwriter,2024-07-09,susan.johnson441@bank.example.com,6557482908
442,224,Richard,Martinez,Collections Officer,2016-10-16,richard.martinez442@bank.example.com,9063291883
443,16,Barbara,Smith,Credit Analyst,2012-04-21,barbara.smith443@bank.example.com,6980408625
444,205,Joseph,Garcia,Clerk,2014-07-03,joseph.garcia444@bank.example.com,6387112776
445,675,Joseph,Wilson,Branch Manager,2024-03-25,joseph.wilson445@bank.example.com,6957483041
446,889,Patricia,Miller,Branch Manager,2022-08-23,patricia.miller446@bank.example.com,7762511121
447,659,Patricia,Smith,Operations,2018-11-05,patricia.smith447@bank.example.com,7112290059
448,989,Elizabeth,Williams,Underwriter,2011-09-21,elizabeth.williams448@bank.example.com,6589342058
449,399,Michael,Brown,Clerk,2011-03-12,michael.brown449@bank.example.com,9865162113
450,938,Elizabeth,Brown,Collections Officer,2009-05-30,elizabeth.brown450@bank.example.com,7974682922
451,482,Jennifer,Anderson,Collections Officer,2013-09-17,jennifer.anderson451@bank.example.com,8247809360
452,974,Barbara,Thomas,Underwriter,2021-11-13,barbara.thomas452@bank.example.com,6135918857
453,810,Susan,Miller,Clerk,2018-07-23,susan.miller453@bank.example.com,7255494061
454,999,Jennifer,Martin,Loan Officer,2023-05-14,jennifer.martin454@bank.example.com,7191609496
455,485,Susan,Williams,Clerk,2024-04-02,susan.williams455@bank.example.com,7461065744
456,564,Patricia,Taylor,Underwriter,2005-06-11,patricia.taylor456@bank.example.com,6371697902
457,631,Jessica,Martin,Credit Analyst,2009-03-27,jessica.martin457@bank.example.com,6740604955
458,43,Elizabeth,Garcia,Branch Manager,2011-06-10,elizabeth.garcia458@bank.example.com,8406736117
459,316,Linda,Anderson,Clerk,2022-04-22,linda.anderson459@bank.example.com,7148126752
460,173,John,Thomas,Branch Manager,2011-01-10,john.thomas460@bank.example.com,7483268906
461,816,Susan,Hernandez,Branch Manager,2016-03-28,susan.hernandez461@bank.example.com,9538686841
462,262,Richard,Jackson,Underwriter,2017-10-16,richard.jackson462@bank.example.com,9267849460
463,368,James,Garcia,Operations,2011-08-01,james.garcia463@bank.example.com,9318767917
464,764,Sarah,Lopez,Branch Manager,2013-06-28,sarah.lopez464@bank.example.com,9616648925
465,573,Robert,Wilson,Credit Analyst,2005-12-06,robert.wilson465@bank.example.com,7206344561
466,203,Joseph,Garcia,Credit Analyst,2014-09-25,joseph.garcia466@bank.example.com,9152257782
467,669,William,Williams,Loan Officer,2005-01-27,william.williams467@bank.example.com,8558168945
468,513,David,Davis,Operations,2012-07-25,david.davis468@bank.example.com,8687882645
469,760,David,Thomas,Clerk,2008-11-29,david.thomas469@bank.example.com,6392432239
470,241,Richard,Rodriguez,Clerk,2022-07-02,richard.rodriguez470@bank.example.com,8533886284
471,856,Karen,Smith,Operations,2005-09-24,karen.smith471@bank.example.com,8497742744
472,547,Linda,Thomas,Loan Officer,2010-11-16,linda.thomas472@bank.example.com,8886053212
473,313,Susan,Johnson,Underwriter,2023-12-26,susan.johnson473@bank.example.com,8781177727
474,301,Susan,Brown,Branch Manager,2015-03-22,susan.brown474@bank.example.com,8169769487
475,283,Thomas,Rodriguez,Branch Manager,2015-04-03,thomas.rodriguez475@bank.example.com,6220028348
476,85,Richard,Gonzalez,Credit Analyst,2021-11-17,richard.gonzalez476@bank.example.com,7938629096
477,263,Barbara,Wilson,Underwriter,2024-01-17,barbara.wilson477@bank.example.com,8007269420
478,774,Robert,Gonzalez,Branch Manager,2014-01-24,robert.gonzalez478@bank.example.com,8377061202
479,675,John,Lopez,Clerk,2020-07-26,john.lopez479@bank.example.com,6374211552
480,837,Thomas,Lopez,Credit Analyst,2021-09-29,thomas.lopez480@bank.example.com,8615329145
481,961,Charles,Johnson,Loan Officer,2008-05-06,charles.johnson481@bank.example.com,7944810446
482,591,Jessica,Garcia,Operations,2007-06-21,jessica.garcia482@bank.example.com,6047643953
483,343,Thomas,Martinez,Loan Officer,2020-08-23,thomas.martinez483@bank.example.com,7951727755
484,21,Sarah,Gonzalez,Clerk,2010-04-19,sarah.gonzalez484@bank.example.com,7560537383
485,35,Susan,Wilson,Clerk,2005-10-27,susan.wilson485@bank.example.com,6978795630
486,274,Linda,Anderson,Underwriter,2018-04-13,linda.anderson486@bank.example.com,8186980398
487,28,Linda,Miller,Underwriter,2015-11-02,linda.miller487@bank.example.com,8768587947
488,23,Joseph,Miller,Operations,2014-01-28,joseph.miller488@bank.example.com,8022943337
489,956,Patricia,Moore,Branch Manager,2009-02-08,patricia.moore489@bank.example.com,9156352400
490,421,Jennifer,Wilson,Operations,2015-08-31,jennifer.wilson490@bank.example.com,9913679679
491,795,Charles,Rodriguez,Loan Officer,2018-10-12,charles.rodriguez491@bank.example.com,6069340924
492,521,Thomas,Anderson,Collections Officer,2016-05-16,thomas.anderson492@bank.example.com,7850735388
493,515,David,Miller,Operations,2012-05-23,david.miller493@bank.example.com,8904483568
494,397,Karen,Johnson,Underwriter,2021-11-08,karen.johnson494@bank.example.com,6881525720
495,210,Charles,Wilson,Clerk,2020-03-31,charles.wilson495@bank.example.com,9492695244
496,711,Jennifer,Taylor,Credit Analyst,2024-06-24,jennifer.taylor496@bank.example.com,9641347360
497,410,Thomas,Thomas,Loan Officer,2021-08-22,thomas.thomas497@bank.example.com,9624242103
498,869,David,Hernandez,Loan Officer,2023-12-05,david.hernandez498@bank.example.com,8880830750
499,142,Elizabeth,Jackson,Branch Manager,2023-08-01,elizabeth.jackson499@bank.example.com,6506583808
500,269,Joseph,Johnson,Collections Officer,2024-03-18,joseph.johnson500@bank.example.com,8409624534
501,559,Susan,Williams,Operations,2014-01-02,susan.williams501@bank.example.com,8932577829
502,417,Joseph,Smith,Underwriter,2009-08-15,joseph.smith502@bank.example.com,6802381590
503,412,Mary,Williams,Operations,2008-08-27,mary.williams503@bank.example.com,8481977540
504,197,James,Thomas,Operations,2018-01-06,james.thomas504@bank.example.com,8496897808
505,860,Jennifer,Taylor,Credit Analyst,2006-10-19,jennifer.taylor505@bank.example.com,8890100242
506,953,Charles,Moore,Branch Manager,2016-01-02,charles.moore506@bank.example.com,6515387638
507,429,Sarah,Jones,Collections Officer,2012-03-29,sarah.jones507@bank.example.com,9794901145
508,475,Michael,Davis,Loan Officer,2015-04-07,michael.davis508@bank.example.com,9167700424
509,434,James,Moore,Operations,2023-08-18,james.moore509@bank.example.com,7322682329
510,176,Karen,Rodriguez,Underwriter,2018-03-05,karen.rodriguez510@bank.example.com,7253858705
511,212,Jennifer,Smith,Collections Officer,2020-08-07,jennifer.smith511@bank.example.com,8539865012
512,996,Sarah,Davis,Loan Officer,2020-02-18,sarah.davis512@bank.example.com,9311775041
513,310,Linda,Hernandez,Collections Officer,2019-05-08,linda.hernandez513@bank.example.com,8583440231
514,290,James,Brown,Clerk,2022-05-21,james.brown514@bank.example.com,8429151016
515,461,Karen,Wilson,Loan Officer,2013-07-14,karen.wilson515@bank.example.com,8571888278
516,632,Jennifer,Williams,Clerk,2023-05-20,jennifer.williams516@bank.example.com,8313304712
517,3,Joseph,Miller,Clerk,2010-10-19,joseph.miller517@bank.example.com,8608154012
518,982,Thomas,Garcia,Clerk,2010-03-16,thomas.garcia518@bank.example.com,8411242659
519,675,Thomas,Rodriguez,Operations,2010-07-03,thomas.rodriguez519@bank.example.com,9486324021
520,802,Mary,Jones,Operations,2020-07-24,mary.jones520@bank.example.com,8913252861
521,743,John,Anderson,Credit Analyst,2007-07-04,john.anderson521@bank.example.com,7779341746
522,881,Jessica,Taylor,Loan Officer,2013-09-01,jessica.taylor522@bank.example.com,8723085223
523,680,Richard,Rodriguez,Branch Manager,2020-03-15,richard.rodriguez523@bank.example.com,6489187232
524,594,David,Taylor,Operations,2021-12-12,david.taylor524@bank.example.com,9258262976
525,389,Mary,Brown,Collections Officer,2024-02-01,mary.brown525@bank.example.com,7084899049
526,923,Charles,Jones,Operations,2019-09-02,charles.jones526@bank.example.com,8194737792
527,2,John,Hernandez,Branch Manager,2015-01-25,john.hernandez527@bank.example.com,9327357022
528,488,Mary,Brown,Loan Officer,2018-06-09,mary.brown528@bank.example.com,6670340977
529,44,Susan,Martinez,Underwriter,2006-01-28,susan.martinez529@bank.example.com,6874399893
530,645,James,Taylor,Credit Analyst,2005-09-15,james.taylor530@bank.example.com,8222995117
531,164,John,Anderson,Underwriter,2008-05-15,john.anderson531@bank.example.com,8270715443
532,969,Jennifer,Martin,Underwriter,2017-05-05,jennifer.martin532@bank.example.com,6746693993
533,863,Elizabeth,Martinez,Credit Analyst,2012-04-26,elizabeth.martinez533@bank.example.com,9230957493
534,469,James,Smith,Branch Manager,2016-07-31,james.smith534@bank.example.com,8180307323
535,975,Charles,Hernandez,Credit Analyst,2009-02-15,charles.hernandez535@bank.example.com,8755590621
536,91,Joseph,Rodriguez,Loan Officer,2014-05-26,joseph.rodriguez536@bank.example.com,8318581854
537,960,James,Wilson,Credit Analyst,2020-05-16,james.wilson537@bank.example.com,6482467730
538,880,Karen,Gonzalez,Loan Officer,2008-11-05,karen.gonzalez538@bank.example.com,9435153836
539,402,Jessica,Gonzalez,Branch Manager,2005-05-08,jessica.gonzalez539@bank.example.com,8394312477
540,137,Mary,Taylor,Operations,2005-05-18,mary.taylor540@bank.example.com,7031254895
541,468,Karen,Brown,Loan Officer,2019-04-04,karen.brown541@bank.example.com,9253051067
542,200,Jennifer,Wilson,Collections Officer,2010-12-08,jennifer.wilson542@bank.example.com,7205215215
543,334,William,Miller,Operations,2018-05-06,william.miller543@bank.example.com,7638466420
544,343,Jennifer,Rodriguez,Credit Analyst,2020-04-06,jennifer.rodriguez544@bank.example.com,9527543635
545,84,Jessica,Smith,Branch Manager,2005-03-31,jessica.smith545@bank.example.com,9160171216
546,306,Elizabeth,Jones,Branch Manager,2019-10-02,elizabeth.jones546@bank.example.com,9766279516
547,418,Barbara,Miller,Credit Analyst,2005-06-02,barbara.miller547@bank.example.com,8514990608
548,980,John,Jones,Branch Manager,2015-04-15,john.jones548@bank.example.com,7564363950
549,188,Linda,Smith,Credit Analyst,2010-12-22,linda.smith549@bank.example.com,8447599692
550,843,Joseph,Gonzalez,Operations,2020-10-17,joseph.gonzalez550@bank.example.com,6252538798
551,386,Linda,Martin,Collections Officer,2022-01-26,linda.martin551@bank.example.com,7927836083
552,941,James,Jones,Operations,2011-08-03,james.jones552@bank.example.com,7040597777
553,137,Richard,Hernandez,Operations,2022-02-26,richard.hernandez553@bank.example.com,9828522116
554,361,Elizabeth,Johnson,Clerk,2009-12-27,elizabeth.johnson554@bank.example.com,8999610322
555,514,Susan,Rodriguez,Operations,2006-10-11,susan.rodriguez555@bank.example.com,9006100522
556,809,Sarah,Anderson,Clerk,2022-06-21,sarah.anderson556@bank.example.com,7195638790
557,895,James,Davis,Underwriter,2023-07-21,james.davis557@bank.example.com,9013720079
558,560,William,Taylor,Branch Manager,2007-09-01,william.taylor558@bank.example.com,7513023226
559,511,Charles,Anderson,Branch Manager,2016-08-12,charles.anderson559@bank.example.com,7586727057
560,421,William,Gonzalez,Branch Manager,2009-06-07,william.gonzalez560@bank.example.com,6546204415
561,40,Linda,Wilson,Underwriter,2014-01-17,linda.wilson561@bank.example.com,9465167507
562,795,Joseph,Martin,Credit Analyst,2016-11-12,joseph.martin562@bank.example.com,7751284199
563,76,Elizabeth,Jackson,Branch Manager,2013-05-13,elizabeth.jackson563@bank.example.com,8497423956
564,837,Elizabeth,Jackson,Underwriter,2024-03-08,elizabeth.jackson564@bank.example.com,9811634538
565,767,Jennifer,Jones,Loan Officer,2010-10-03,jennifer.jones565@bank.example.com,6798843531
566,397,Karen,Taylor,Branch Manager,2008-09-20,karen.taylor566@bank.example.com,7764067457
567,132,Charles,Martin,Loan Officer,2013-08-11,charles.martin567@bank.example.com,7790798999
568,990,Richard,Williams,Underwriter,2017-10-07,richard.williams568@bank.example.com,8505713472
569,194,Susan,Garcia,Clerk,2013-06-16,susan.garcia569@bank.example.com,8621101820
570,674,Charles,Martin,Operations,2008-06-18,charles.martin570@bank.example.com,8525387966
571,254,Karen,Moore,Branch Manager,2012-03-11,karen.moore571@bank.example.com,9227649186
572,886,Sarah,Thomas,Underwriter,2017-06-21,sarah.thomas572@bank.example.com,8210911227
573,462,Joseph,Thomas,Credit Analyst,2009-03-15,joseph.thomas573@bank.example.com,7598453409
574,309,Susan,Smith,Loan Officer,2010-07-17,susan.smith574@bank.example.com,7094387512
575,51,Thomas,Garcia,Credit Analyst,2024-06-11,thomas.garcia575@bank.example.com,9468097684
576,833,William,Martin,Branch Manager,2007-02-23,william.martin576@bank.example.com,7406046134
577,541,Michael,Martin,Collections Officer,2009-04-03,michael.martin577@bank.example.com,9283226846
578,159,Karen,Williams,Branch Manager,2014-01-10,karen.williams578@bank.example.com,6042277633
579,919,James,Smith,Loan Officer,2011-07-01,james.smith579@bank.example.com,7277713449
580,953,Mary,Anderson,Underwriter,2008-04-17,mary.anderson580@bank.example.com,9608097979
581,980,Karen,Williams,Operations,2011-11-04,karen.williams581@bank.example.com,9183392112
582,892,Linda,Johnson,Clerk,2021-05-26,linda.johnson582@bank.example.com,8422460343
583,308,John,Miller,Loan Officer,2005-05-17,john.miller583@bank.example.com,6876711244
584,508,Thomas,Jackson,Clerk,2008-06-01,thomas.jackson584@bank.example.com,9870338208
585,136,Sarah,Thomas,Loan Officer,2018-04-08,sarah.thomas585@bank.example.com,8632374974
586,660,Sarah,Wilson,Clerk,2023-09-06,sarah.wilson586@bank.example.com,8883477065
587,164,Richard,Martinez,Collections Officer,2022-08-18,richard.martinez587@bank.example.com,8865298601
588,931,Robert,Martinez,Loan Officer,2012-05-23,robert.martinez588@bank.example.com,8667538586
589,532,Robert,Johnson,Branch Manager,2010-03-29,robert.johnson589@bank.example.com,7446689348
590,584,Linda,Smith,Underwriter,2014-07-27,linda.smith590@bank.example.com,7838706194
591,638,Karen,Brown,Clerk,2017-07-13,karen.brown591@bank.example.com,9890141176
592,129,Karen,Gonzalez,Credit Analyst,2023-07-23,karen.gonzalez592@bank.example.com,9336278747
593,665,Sarah,Johnson,Operations,2013-04-20,sarah.johnson593@bank.example.com,7727857775
594,901,Sarah,Jones,Loan Officer,2006-11-29,sarah.jones594@bank.example.com,8035204899
595,644,Barbara,Davis,Loan Officer,2015-01-23,barbara.davis595@bank.example.com,8644355609
596,103,Susan,Wilson,Credit Analyst,2014-08-29,susan.wilson596@bank.example.com,8456167019
597,157,David,Thomas,Operations,2022-02-23,david.thomas597@bank.example.com,8798761273
598,318,Elizabeth,Smith,Branch Manager,2022-11-03,elizabeth.smith598@bank.example.com,7320073739
599,124,Jessica,Rodriguez,Collections Officer,2008-08-31,jessica.rodriguez599@bank.example.com,7365746655
600,673,Linda,Williams,Branch Manager,2015-10-25,linda.williams600@bank.example.com,8836723457
601,871,Karen,Hernandez,Underwriter,2007-03-06,karen.hernandez601@bank.example.com,6054686685
602,502,Mary,Thomas,Underwriter,2009-05-29,mary.thomas602@bank.example.com,8758930598
603,509,Jennifer,Williams,Clerk,2006-05-24,jennifer.williams603@bank.example.com,6969613544
604,776,Susan,Williams,Credit Analyst,2022-02-01,susan.williams604@bank.example.com,8848598007
605,151,Jennifer,Johnson,Collections Officer,2012-06-25,jennifer.johnson605@bank.example.com,9579107858
606,612,Karen,Jackson,Collections Officer,2006-08-05,karen.jackson606@bank.example.com,8537407833
607,496,Michael,Taylor,Branch Manager,2009-09-17,michael.taylor607@bank.example.com,7974060831
608,306,Mary,Miller,Collections Officer,2009-02-15,mary.miller608@bank.example.com,9480491496
609,282,Elizabeth,Martinez,Operations,2015-01-23,elizabeth.martinez609@bank.example.com,7230985540
610,1,Sarah,Martin,Operations,2011-01-29,sarah.martin610@bank.example.com,8119060848
611,455,Susan,Smith,Collections Officer,2016-12-27,susan.smith611@bank.example.com,7786632512
612,323,Robert,Davis,Loan Officer,2005-02-12,robert.davis612@bank.example.com,8971379582
613,330,Jessica,Wilson,Loan Officer,2022-06-09,jessica.wilson613@bank.example.com,9251529018
614,806,Karen,Williams,Underwriter,2019-02-16,karen.williams614@bank.example.com,6146527221
615,92,Sarah,Lopez,Underwriter,2020-08-04,sarah.lopez615@bank.example.com,7026034497
616,608,Jennifer,Moore,Clerk,2006-10-05,jennifer.moore616@bank.example.com,7150984836
617,198,Barbara,Gonzalez,Clerk,2005-10-31,barbara.gonzalez617@bank.example.com,8598534862
618,814,John,Moore,Clerk,2016-05-31,john.moore618@bank.example.com,6006251858
619,558,Barbara,Lopez,Collections Officer,2006-10-10,barbara.lopez619@bank.example.com,9130686512
620,917,Patricia,Hernandez,Operations,2015-02-19,patricia.hernandez620@bank.example.com,7119148373
621,402,William,Martin,Collections Officer,2013-03-16,william.martin621@bank.example.com,7068915838
622,944,Karen,Brown,Underwriter,2006-01-20,karen.brown622@bank.example.com,8777179391
623,3,Jessica,Thomas,Loan Officer,2011-05-25,jessica.thomas623@bank.example.com,6048567107
624,914,Charles,Davis,Operations,2022-12-21,charles.davis624@bank.example.com,6054122853
625,915,Elizabeth,Hernandez,Clerk,2007-08-19,elizabeth.hernandez625@bank.example.com,8317462309
626,780,William,Smith,Branch Manager,2018-07-21,william.smith626@bank.example.com,9964767639
627,183,Sarah,Jones,Loan Officer,2023-01-15,sarah.jones627@bank.example.com,8317683108
628,603,James,Miller,Underwriter,2013-10-30,james.miller628@bank.example.com,9302595540
629,245,Jennifer,Johnson,Credit Analyst,2013-05-04,jennifer.johnson629@bank.example.com,9931349149
630,409,Sarah,Moore,Collections Officer,2011-04-03,sarah.moore630@bank.example.com,8698708474
631,547,James,Anderson,Credit Analyst,2005-04-12,james.anderson631@bank.example.com,6650909869
632,162,Richard,Hernandez,Credit Analyst,2020-08-26,richard.hernandez632@bank.example.com,7451467626
633,290,John,Gonzalez,Collections Officer,2014-10-23,john.gonzalez633@bank.example.com,9046394435
634,888,Karen,Miller,Branch Manager,2021-03-15,karen.miller634@bank.example.com,7016747572
635,136,David,Wilson,Branch Manager,2006-03-31,david.wilson635@bank.example.com,6815500332
636,308,Karen,Anderson,Clerk,2024-01-25,karen.anderson636@bank.example.com,6088755609
637,922,Thomas,Taylor,Loan Officer,2022-02-04,thomas.taylor637@bank.example.com,9301205982
638,44,Susan,Thomas,Credit Analyst,2021-02-22,susan.thomas638@bank.example.com,8598966800
639,993,Sarah,Thomas,Loan Officer,2018-05-20,sarah.thomas639@bank.example.com,6722360231
640,614,Mary,Brown,Collections Officer,2018-10-19,mary.brown640@bank.example.com,6397956297
641,887,Sarah,Martinez,Branch Manager,2006-10-09,sarah.martinez641@bank.example.com,6394602316
642,831,Michael,Jones,Underwriter,2013-06-29,michael.jones642@bank.example.com,6430613334
643,551,Patricia,Hernandez,Clerk,2017-06-01,patricia.hernandez643@bank.example.com,7453860838
644,352,Sarah,Johnson,Branch Manager,2022-12-14,sarah.johnson644@bank.example.com,7715155243
645,674,Linda,Garcia,Loan Officer,2007-07-02,linda.garcia645@bank.example.com,8551208848
646,303,Richard,Johnson,Underwriter,2022-12-01,richard.johnson646@bank.example.com,8936658849
647,19,Jennifer,Jones,Clerk,2010-01-25,jennifer.jones647@bank.example.com,8579641921
648,488,Jessica,Smith,Underwriter,2011-02-12,jessica.smith648@bank.example.com,7560612720
649,492,William,Martinez,Collections Officer,2020-08-29,william.martinez649@bank.example.com,9392849534
650,696,Mary,Moore,Collections Officer,2022-04-30,mary.moore650@bank.example.com,6590930101
651,455,Michael,Williams,Operations,2006-06-05,michael.williams651@bank.example.com,7242428620
652,843,Richard,Williams,Credit Analyst,2017-11-02,richard.williams652@bank.example.com,7455815601
653,279,Linda,Jackson,Underwriter,2024-08-28,linda.jackson653@bank.example.com,9404501037
654,418,Jessica,Gonzalez,Branch Manager,2024-07-29,jessica.gonzalez654@bank.example.com,7749963741
655,335,Jennifer,Davis,Collections Officer,2022-01-09,jennifer.davis655@bank.example.com,8474837536
656,373,Richard,Smith,Branch Manager,2005-04-22,richard.smith656@bank.example.com,6592138097
657,758,Richard,Williams,Credit Analyst,2011-10-04,richard.williams657@bank.example.com,6070625927
658,498,Robert,Lopez,Operations,2017-06-17,robert.lopez658@bank.example.com,9896462885
659,222,Joseph,Smith,Underwriter,2016-08-05,joseph.smith659@bank.example.com,7723504965
660,951,Mary,Hernandez,Operations,2006-03-01,mary.hernandez660@bank.example.com,7689514409
661,406,Linda,Johnson,Underwriter,2010-05-10,linda.johnson661@bank.example.com,7863898600
662,46,James,Lopez,Branch Manager,2021-05-24,james.lopez662@bank.example.com,8280205989
663,273,John,Wilson,Operations,2005-03-07,john.wilson663@bank.example.com,8679390891
664,124,Sarah,Jackson,Loan Officer,2024-04-12,sarah.jackson664@bank.example.com,6929240240
665,607,Charles,Johnson,Loan Officer,2008-09-12,charles.johnson665@bank.example.com,6252124256
666,147,Linda,Smith,Clerk,2008-01-14,linda.smith666@bank.example.com,6100096282
667,348,Karen,Rodriguez,Branch Manager,2020-06-11,karen.rodriguez667@bank.example.com,6859126555
668,583,Joseph,Lopez,Underwriter,2020-08-12,joseph.lopez668@bank.example.com,8566053182
669,879,Barbara,Davis,Loan Officer,2017-11-20,barbara.davis669@bank.example.com,8788581632
670,43,Jennifer,Gonzalez,Loan Officer,2018-12-24,jennifer.gonzalez670@bank.example.com,9077807175
671,45,Sarah,Wilson,Branch Manager,2024-05-11,sarah.wilson671@bank.example.com,7990582204
672,957,Barbara,Thomas,Clerk,2019-11-03,barbara.thomas672@bank.example.com,7381608192
673,646,William,Rodriguez,Credit Analyst,2008-01-28,william.rodriguez673@bank.example.com,6188311747
674,766,David,Martinez,Credit Analyst,2018-07-27,david.martinez674@bank.example.com,7209101527
675,231,Elizabeth,Hernandez,Credit Analyst,2007-01-12,elizabeth.hernandez675@bank.example.com,6534103773
676,646,Sarah,Smith,Credit Analyst,2007-09-17,sarah.smith676@bank.example.com,9085359613
677,399,Sarah,Martin,Clerk,2019-02-11,sarah.martin677@bank.example.com,7504917809
678,291,Thomas,Miller,Operations,2023-12-17,thomas.miller678@bank.example.com,7215433369
679,416,David,Gonzalez,Branch Manager,2024-06-12,david.gonzalez679@bank.example.com,6721013272
680,153,Karen,Lopez,Loan Officer,2016-01-25,karen.lopez680@bank.example.com,8647980532
681,323,Jessica,Johnson,Collections Officer,2014-02-20,jessica.johnson681@bank.example.com,7631598717
682,993,James,Davis,Operations,2014-02-28,james.davis682@bank.example.com,6440444285
683,318,Susan,Jones,Credit Analyst,2014-06-28,susan.jones683@bank.example.com,6130925027
684,304,Joseph,Smith,Underwriter,2024-05-16,joseph.smith684@bank.example.com,8750269340
685,924,Robert,Wilson,Underwriter,2005-05-12,robert.wilson685@bank.example.com,6562992174
686,819,Michael,Lopez,Loan Officer,2013-03-18,michael.lopez686@bank.example.com,8164525566
687,73,Barbara,Smith,Clerk,2009-06-19,barbara.smith687@bank.example.com,8924422854
688,452,James,Williams,Branch Manager,2020-03-28,james.williams688@bank.example.com,9117440590
689,509,John,Wilson,Operations,2007-02-09,john.wilson689@bank.example.com,7357353081
690,356,Susan,Johnson,Credit Analyst,2014-11-14,susan.johnson690@bank.example.com,8457071809
691,133,Mary,Lopez,Branch Manager,2010-09-26,mary.lopez691@bank.example.com,7298034142
692,252,John,Miller,Credit Analyst,2012-04-27,john.miller692@bank.example.com,7321092179
693,272,Joseph,Jackson,Loan Officer,2020-12-01,joseph.jackson693@bank.example.com,7612228379
694,219,William,Lopez,Loan Officer,2020-04-02,william.lopez694@bank.example.com,9486012313
695,598,David,Anderson,Loan Officer,2012-02-29,david.anderson695@bank.example.com,9103895241
696,587,Joseph,Brown,Collections Officer,2006-10-17,joseph.brown696@bank.example.com,9257609306
697,545,Thomas,Jackson,Underwriter,2014-10-02,thomas.jackson697@bank.example.com,9193713336
698,595,Elizabeth,Gonzalez,Branch Manager,2014-08-21,elizabeth.gonzalez698@bank.example.com,7417758936
699,568,Richard,Brown,Branch Manager,2009-05-15,richard.brown699@bank.example.com,9784324889
700,507,David,Martin,Clerk,2019-01-26,david.martin700@bank.example.com,8880001694
701,406,Sarah,Anderson,Credit Analyst,2005-02-26,sarah.anderson701@bank.example.com,7607414351
702,791,Joseph,Johnson,Branch Manager,2010-06-13,joseph.johnson702@bank.example.com,9204440883
703,821,Jessica,Thomas,Collections Officer,2006-12-28,jessica.thomas703@bank.example.com,8328133765
704,877,William,Davis,Loan Officer,2023-01-27,william.davis704@bank.example.com,8759039920
705,191,Patricia,Jackson,Branch Manager,2005-07-29,patricia.jackson705@bank.example.com,8591883893
706,501,Barbara,Wilson,Branch Manager,2009-11-13,barbara.wilson706@bank.example.com,6814556537
707,716,Robert,Martin,Underwriter,2009-10-09,robert.martin707@bank.example.com,9376419725
708,580,Robert,Miller,Operations,2014-01-30,robert.miller708@bank.example.com,7241657095
709,191,William,Johnson,Operations,2017-07-30,william.johnson709@bank.example.com,9958067417
710,246,Robert,Hernandez,Operations,2008-09-04,robert.hernandez710@bank.example.com,9502447696
711,386,Richard,Anderson,Credit Analyst,2024-04-11,richard.anderson711@bank.example.com,8550090956
712,170,Jennifer,Rodriguez,Underwriter,2015-08-15,jennifer.rodriguez712@bank.example.com,9944696348
713,956,Linda,Martin,Collections Officer,2008-07-30,linda.martin713@bank.example.com,6961361324
714,668,Sarah,Hernandez,Branch Manager,2006-01-18,sarah.hernandez714@bank.example.com,6586953179
715,23,Linda,Garcia,Credit Analyst,2007-02-09,linda.garcia715@bank.example.com,7079592369
716,434,James,Williams,Credit Analyst,2009-03-28,james.williams716@bank.example.com,6979051498
717,286,Jennifer,Taylor,Clerk,2008-02-07,jennifer.taylor717@bank.example.com,6912327580
718,676,Elizabeth,Thomas,Loan Officer,2018-07-25,elizabeth.thomas718@bank.example.com,8538281177
719,911,Thomas,Jones,Credit Analyst,2005-03-16,thomas.jones719@bank.example.com,9434665686
720,840,Jessica,Hernandez,Clerk,2024-05-02,jessica.hernandez720@bank.example.com,6361222659
721,707,David,Rodriguez,Clerk,2007-11-06,david.rodriguez721@bank.example.com,9851293552
722,937,Richard,Johnson,Underwriter,2012-04-04,richard.johnson722@bank.example.com,7874398918
723,638,Charles,Martin,Loan Officer,2009-07-11,charles.martin723@bank.example.com,8367017171
724,31,Linda,Brown,Loan Officer,2021-01-27,linda.brown724@bank.example.com,9574865669
725,252,Richard,Martinez,Branch Manager,2020-02-08,richard.martinez725@bank.example.com,6664540814
726,641,Jennifer,Wilson,Collections Officer,2022-06-23,jennifer.wilson726@bank.example.com,6646598043
727,461,Robert,Thomas,Underwriter,2015-06-22,robert.thomas727@bank.example.com,6937780041
728,425,Michael,Williams,Collections Officer,2016-05-10,michael.williams728@bank.example.com,9005804628
729,412,Mary,Gonzalez,Clerk,2021-05-18,mary.gonzalez729@bank.example.com,8053606263
730,4,James,Anderson,Branch Manager,2017-07-12,james.anderson730@bank.example.com,7552657410
731,388,Mary,Davis,Operations,2005-10-11,mary.davis731@bank.example.com,7439063490
732,174,Karen,Hernandez,Credit Analyst,2016-04-17,karen.hernandez732@bank.example.com,9419433433
733,646,Elizabeth,Jones,Clerk,2006-11-26,elizabeth.jones733@bank.example.com,9126418888
734,811,Mary,Thomas,Collections Officer,2011-09-04,mary.thomas734@bank.example.com,9126412264
735,920,Mary,Jones,Underwriter,2011-01-23,mary.jones735@bank.example.com,6079468186
736,801,Susan,Thomas,Operations,2013-03-25,susan.thomas736@bank.example.com,8174711824
737,465,Jennifer,Wilson,Underwriter,2008-02-03,jennifer.wilson737@bank.example.com,7594507757
738,863,Charles,Smith,Underwriter,2023-08-17,charles.smith738@bank.example.com,6686769699
739,251,James,Johnson,Collections Officer,2014-01-30,james.johnson739@bank.example.com,6819953360
740,650,Thomas,Lopez,Operations,2022-10-22,thomas.lopez740@bank.example.com,9477087884
741,969,Richard,Rodriguez,Underwriter,2021-05-08,richard.rodriguez741@bank.example.com,6304830034
742,459,Elizabeth,Jackson,Clerk,2012-01-25,elizabeth.jackson742@bank.example.com,8555559682
743,214,Jessica,Jackson,Loan Officer,2016-09-22,jessica.jackson743@bank.example.com,9974182654
744,716,Michael,Jackson,Operations,2017-10-20,michael.jackson744@bank.example.com,8917962716
745,859,Jessica,Jackson,Credit Analyst,2020-11-18,jessica.jackson745@bank.example.com,7193126253
746,264,Karen,Williams,Credit Analyst,2020-11-02,karen.williams746@bank.example.com,8173623263
747,604,Susan,Johnson,Collections Officer,2018-11-29,susan.johnson747@bank.example.com,9817126715
748,15,David,Hernandez,Operations,2011-04-30,david.hernandez748@bank.example.com,8565020559
749,844,Michael,Jones,Underwriter,2022-05-21,michael.jones749@bank.example.com,9746900675
750,222,Susan,Martinez,Branch Manager,2007-12-16,susan.martinez750@bank.example.com,9201045829
751,264,Linda,Jackson,Underwriter,2007-04-11,linda.jackson751@bank.example.com,6561619778
752,736,Patricia,Garcia,Credit Analyst,2018-02-20,patricia.garcia752@bank.example.com,9023179178
753,677,Sarah,Williams,Operations,2007-05-05,sarah.williams753@bank.example.com,7415382007
754,576,Karen,Martinez,Clerk,2010-02-11,karen.martinez754@bank.example.com,7080089065
755,717,James,Smith,Loan Officer,2009-02-03,james.smith755@bank.example.com,8942293098
756,760,Joseph,Wilson,Collections Officer,2024-08-22,joseph.wilson756@bank.example.com,6701578854
757,837,Robert,Miller,Credit Analyst,2016-11-29,robert.miller757@bank.example.com,9020216744
758,308,Elizabeth,Thomas,Branch Manager,2023-07-18,elizabeth.thomas758@bank.example.com,9820389332
759,408,Jennifer,Hernandez,Collections Officer,2015-05-06,jennifer.hernandez759@bank.example.com,9206292904
760,66,Thomas,Thomas,Operations,2016-07-07,thomas.thomas760@bank.example.com,9325813279
761,145,Thomas,Taylor,Branch Manager,2009-08-07,thomas.taylor761@bank.example.com,7933814296
762,665,Thomas,Moore,Underwriter,2006-04-19,thomas.moore762@bank.example.com,7416599547
763,70,Sarah,Martinez,Underwriter,2016-09-17,sarah.martinez763@bank.example.com,6212497353
764,749,Richard,Williams,Branch Manager,2020-08-27,richard.williams764@bank.example.com,9106707246
765,658,William,Jackson,Clerk,2013-12-28,william.jackson765@bank.example.com,7314033838
766,614,Joseph,Jackson,Credit Analyst,2024-07-05,joseph.jackson766@bank.example.com,7164016127
767,772,Richard,Smith,Collections Officer,2012-04-12,richard.smith767@bank.example.com,8213256328
768,639,Susan,Anderson,Clerk,2017-09-22,susan.anderson768@bank.example.com,9328790191
769,905,Richard,Miller,Collections Officer,2017-02-23,richard.miller769@bank.example.com,7036984947
770,879,James,Martin,Underwriter,2008-06-16,james.martin770@bank.example.com,6864708410
771,52,Richard,Brown,Operations,2017-03-07,richard.brown771@bank.example.com,6254923388
772,428,Charles,Jones,Loan Officer,2013-08-14,charles.jones772@bank.example.com,7721320190
773,102,Robert,Smith,Underwriter,2012-03-28,robert.smith773@bank.example.com,7530419818
774,701,David,Anderson,Credit Analyst,2014-02-11,david.anderson774@bank.example.com,7193069125
775,682,David,Thomas,Credit Analyst,2013-12-10,david.thomas775@bank.example.com,7385014014
776,910,David,Lopez,Underwriter,2012-11-24,david.lopez776@bank.example.com,6428964590
777,482,Jennifer,Rodriguez,Underwriter,2011-02-28,jennifer.rodriguez777@bank.example.com,6024570953
778,396,James,Johnson,Credit Analyst,2015-01-05,james.johnson778@bank.example.com,7449888570
779,828,Thomas,Wilson,Credit Analyst,2024-03-13,thomas.wilson779@bank.example.com,6570339073
780,366,Elizabeth,Johnson,Loan Officer,2014-04-21,elizabeth.johnson780@bank.example.com,7643316858
781,333,Barbara,Rodriguez,Loan Officer,2008-06-14,barbara.rodriguez781@bank.example.com,6752156526
782,267,William,Martinez,Loan Officer,2022-04-08,william.martinez782@bank.example.com,8200278068
783,484,Charles,Martin,Clerk,2005-02-10,charles.martin783@bank.example.com,6617273974
784,542,Michael,Miller,Underwriter,2016-12-26,michael.miller784@bank.example.com,7828799704
785,795,James,Taylor,Branch Manager,2023-10-06,james.taylor785@bank.example.com,7366991079
786,748,Jessica,Johnson,Loan Officer,2015-02-25,jessica.johnson786@bank.example.com,6085383325
787,199,Linda,Wilson,Loan Officer,2018-12-16,linda.wilson787@bank.example.com,7281184631
788,939,William,Jones,Branch Manager,2016-07-01,william.jones788@bank.example.com,8761611388
789,178,Susan,Johnson,Loan Officer,2022-11-19,susan.johnson789@bank.example.com,8979360875
790,554,David,Johnson,Credit Analyst,2021-07-04,david.johnson790@bank.example.com,8296407811
791,624,Linda,Smith,Operations,2024-07-28,linda.smith791@bank.example.com,7193902195
792,276,John,Miller,Collections Officer,2017-12-22,john.miller792@bank.example.com,6052037765
793,654,Charles,Wilson,Loan Officer,2023-06-23,charles.wilson793@bank.example.com,8608771784
794,497,Jessica,Martin,Operations,2023-12-12,jessica.martin794@bank.example.com,9948346851
795,139,Charles,Thomas,Operations,2011-02-13,charles.thomas795@bank.example.com,7445837849
796,276,Robert,Moore,Loan Officer,2009-09-15,robert.moore796@bank.example.com,7557262995
797,277,Richard,Martin,Credit Analyst,2005-04-18,richard.martin797@bank.example.com,7283439777
798,476,David,Johnson,Branch Manager,2012-12-09,david.johnson798@bank.example.com,9236305142
799,307,Richard,Thomas,Credit Analyst,2005-04-27,richard.thomas799@bank.example.com,8461174762
800,656,David,Thomas,Collections Officer,2009-12-30,david.thomas800@bank.example.com,8461175974
801,910,William,Smith,Clerk,2018-02-10,william.smith801@bank.example.com,9557895186
802,144,Sarah,Johnson,Collections Officer,2014-09-11,sarah.johnson802@bank.example.com,6004680494
803,257,Jennifer,Martin,Clerk,2008-04-20,jennifer.martin803@bank.example.com,8794621887
804,993,Mary,Davis,Loan Officer,2012-12-08,mary.davis804@bank.example.com,9914208003
805,999,Thomas,Martin,Operations,2008-02-21,thomas.martin805@bank.example.com,7426459753
806,626,Thomas,Rodriguez,Operations,2024-07-15,thomas.rodriguez806@bank.example.com,6075429229
807,865,Joseph,Miller,Clerk,2008-06-12,joseph.miller807@bank.example.com,6175531122
808,578,Linda,Brown,Collections Officer,2014-11-14,linda.brown808@bank.example.com,8856101270
809,293,Joseph,Thomas,Credit Analyst,2014-10-19,joseph.thomas809@bank.example.com,7976869822
810,375,Barbara,Martin,Loan Officer,2019-09-21,barbara.martin810@bank.example.com,7326125133
811,921,John,Taylor,Underwriter,2021-07-20,john.taylor811@bank.example.com,7148065354
812,207,Thomas,Garcia,Loan Officer,2016-03-27,thomas.garcia812@bank.example.com,8241896628
813,328,Robert,Martin,Operations,2019-05-22,robert.martin813@bank.example.com,8233381790
814,826,Richard,Taylor,Clerk,2007-05-19,richard.taylor814@bank.example.com,8450500202
815,251,Susan,Garcia,Collections Officer,2022-03-11,susan.garcia815@bank.example.com,6943961216
816,32,Jennifer,Wilson,Collections Officer,2019-06-03,jennifer.wilson816@bank.example.com,7548741622
817,734,Sarah,Gonzalez,Credit Analyst,2021-12-22,sarah.gonzalez817@bank.example.com,7202379878
818,431,Jennifer,Anderson,Operations,2015-10-12,jennifer.anderson818@bank.example.com,7256430622
819,102,Thomas,Miller,Operations,2014-12-12,thomas.miller819@bank.example.com,6826651494
820,413,James,Gonzalez,Branch Manager,2023-12-02,james.gonzalez820@bank.example.com,8535557510
821,381,Michael,Williams,Loan Officer,2023-03-19,michael.williams821@bank.example.com,8274748071
822,554,John,Anderson,Credit Analyst,2008-05-10,john.anderson822@bank.example.com,7266590349
823,844,Robert,Gonzalez,Clerk,2023-06-07,robert.gonzalez823@bank.example.com,7459798127
824,425,Charles,Martinez,Credit Analyst,2017-04-23,charles.martinez824@bank.example.com,8550007106
825,951,James,Wilson,Branch Manager,2010-04-14,james.wilson825@bank.example.com,6573453543
826,226,Joseph,Jones,Collections Officer,2015-08-18,joseph.jones826@bank.example.com,6511303464
827,515,Joseph,Martin,Credit Analyst,2005-08-09,joseph.martin827@bank.example.com,6650706329
828,483,Jennifer,Davis,Collections Officer,2023-07-25,jennifer.davis828@bank.example.com,8461913325
829,726,Mary,Johnson,Operations,2022-11-13,mary.johnson829@bank.example.com,9276674601
830,844,Susan,Hernandez,Clerk,2024-07-30,susan.hernandez830@bank.example.com,9433625352
831,57,Sarah,Anderson,Collections Officer,2017-05-21,sarah.anderson831@bank.example.com,7205030243
832,595,Joseph,Anderson,Clerk,2020-10-10,joseph.anderson832@bank.example.com,7114501460
833,431,John,Anderson,Underwriter,2012-01-16,john.anderson833@bank.example.com,7348080892
834,538,Michael,Jackson,Loan Officer,2023-05-12,michael.jackson834@bank.example.com,9773247675
835,640,Sarah,Moore,Collections Officer,2005-11-22,sarah.moore835@bank.example.com,9620627010
836,474,Joseph,Miller,Credit Analyst,2006-06-28,joseph.miller836@bank.example.com,7515016903
837,329,Charles,Williams,Underwriter,2018-07-07,charles.williams837@bank.example.com,6249443706
838,310,Sarah,Jackson,Clerk,2016-06-09,sarah.jackson838@bank.example.com,8613592803
839,415,Richard,Garcia,Operations,2017-05-03,richard.garcia839@bank.example.com,6902363544
840,564,Thomas,Rodriguez,Credit Analyst,2014-12-11,thomas.rodriguez840@bank.example.com,7765338584
841,24,Michael,Taylor,Operations,2008-06-28,michael.taylor841@bank.example.com,6072559943
842,82,Jessica,Gonzalez,Branch Manager,2010-05-03,jessica.gonzalez842@bank.example.com,8549826831
843,185,Richard,Brown,Loan Officer,2019-03-03,richard.brown843@bank.example.com,9377352963
844,648,Karen,Smith,Operations,2012-06-26,karen.smith844@bank.example.com,9170664063
845,900,John,Moore,Operations,2017-04-07,john.moore845@bank.example.com,6428501516
846,663,Robert,Jackson,Operations,2017-02-10,robert.jackson846@bank.example.com,8246245335
847,524,Richard,Brown,Operations,2008-01-02,richard.brown847@bank.example.com,9502457109
848,8,James,Thomas,Underwriter,2013-09-14,james.thomas848@bank.example.com,9072055341
849,895,Karen,Johnson,Loan Officer,2006-01-21,karen.johnson849@bank.example.com,7952842563
850,225,Charles,Jones,Underwriter,2022-06-25,charles.jones850@bank.example.com,6630220165
851,148,Charles,Moore,Underwriter,2017-05-30,charles.moore851@bank.example.com,8605736806
852,282,Linda,Davis,Collections Officer,2016-06-21,linda.davis852@bank.example.com,8846505091
853,623,Susan,Martinez,Underwriter,2006-01-14,susan.martinez853@bank.example.com,7042003775
854,431,David,Johnson,Underwriter,2012-05-10,david.johnson854@bank.example.com,7976722910
855,424,Thomas,Martin,Operations,2016-08-19,thomas.martin855@bank.example.com,9362704226
856,347,Linda,Miller,Clerk,2020-06-27,linda.miller856@bank.example.com,7915946508
857,453,James,Thomas,Branch Manager,2021-08-04,james.thomas857@bank.example.com,6436202509
858,103,Jennifer,Miller,Clerk,2012-05-21,jennifer.miller858@bank.example.com,7461421065
859,451,Mary,Hernandez,Collections Officer,2005-09-26,mary.hernandez859@bank.example.com,7535349454
860,538,Robert,Williams,Underwriter,2018-11-10,robert.williams860@bank.example.com,8592030397
861,281,Linda,Taylor,Collections Officer,2023-06-11,linda.taylor861@bank.example.com,7203263838
862,319,William,Johnson,Clerk,2016-06-02,william.johnson862@bank.example.com,8308093585
863,996,Michael,Brown,Loan Officer,2011-12-26,michael.brown863@bank.example.com,6274411484
864,974,Elizabeth,Thomas,Loan Officer,2019-08-12,elizabeth.thomas864@bank.example.com,9950279949
865,959,Patricia,Jones,Branch Manager,2019-07-16,patricia.jones865@bank.example.com,9407106512
866,204,David,Johnson,Underwriter,2017-01-06,david.johnson866@bank.example.com,7906834870
867,643,Patricia,Hernandez,Operations,2013-10-29,patricia.hernandez867@bank.example.com,9518160143
868,77,Sarah,Martin,Collections Officer,2005-11-03,sarah.martin868@bank.example.com,8503018128
869,633,Joseph,Anderson,Underwriter,2017-01-23,joseph.anderson869@bank.example.com,6229509358
870,655,Robert,Davis,Clerk,2023-01-15,robert.davis870@bank.example.com,9341388878
871,437,William,Lopez,Credit Analyst,2011-07-20,william.lopez871@bank.example.com,7131314104
872,589,Susan,Thomas,Operations,2011-08-01,susan.thomas872@bank.example.com,6106256298
873,744,Linda,Wilson,Operations,2014-08-02,linda.wilson873@bank.example.com,7280600921
874,443,James,Williams,Branch Manager,2008-01-09,james.williams874@bank.example.com,8633484925
875,224,David,Thomas,Operations,2016-03-08,david.thomas875@bank.example.com,8173390548
876,364,Michael,Brown,Credit Analyst,2016-03-05,michael.brown876@bank.example.com,7572179164
877,616,Joseph,Garcia,Collections Officer,2020-01-06,joseph.garcia877@bank.example.com,6632657862
878,107,Joseph,Davis,Credit Analyst,2013-10-29,joseph.davis878@bank.example.com,8403293100
879,140,Michael,Johnson,Credit Analyst,2023-08-13,michael.johnson879@bank.example.com,6381084883
880,378,David,Moore,Collections Officer,2019-11-06,david.moore880@bank.example.com,7306957585
881,233,Jennifer,Davis,Branch Manager,2011-09-25,jennifer.davis881@bank.example.com,6388566693
882,71,Richard,Lopez,Credit Analyst,2012-10-13,richard.lopez882@bank.example.com,8692209189
883,254,William,Moore,Credit Analyst,2014-09-16,william.moore883@bank.example.com,9423505435
884,970,Richard,Smith,Underwriter,2009-08-26,richard.smith884@bank.example.com,7288022508
885,867,Elizabeth,Gonzalez,Underwriter,2020-11-26,elizabeth.gonzalez885@bank.example.com,7093533548
886,745,Richard,Garcia,Loan Officer,2012-09-30,richard.garcia886@bank.example.com,9191205656
887,558,Charles,Lopez,Clerk,2019-08-03,charles.lopez887@bank.example.com,6353609291
888,759,Jessica,Rodriguez,Credit Analyst,2007-07-31,jessica.rodriguez888@bank.example.com,7824050210
889,4,John,Anderson,Clerk,2005-04-18,john.anderson889@bank.example.com,6693903332
890,526,Jennifer,Williams,Collections Officer,2007-02-10,jennifer.williams890@bank.example.com,7737269139
891,74,Charles,Moore,Collections Officer,2023-09-17,charles.moore891@bank.example.com,7231278036
892,807,Patricia,Davis,Operations,2011-09-23,patricia.davis892@bank.example.com,9598225399
893,396,William,Thomas,Collections Officer,2006-04-25,william.thomas893@bank.example.com,9028954388
894,837,Charles,Rodriguez,Credit Analyst,2009-07-25,charles.rodriguez894@bank.example.com,8980685174
895,295,Jessica,Anderson,Loan Officer,2021-07-04,jessica.anderson895@bank.example.com,6551737876
896,549,Charles,Jones,Underwriter,2011-06-23,charles.jones896@bank.example.com,8853739133
897,790,Linda,Miller,Loan Officer,2023-03-19,linda.miller897@bank.example.com,6650956634
898,993,Susan,Lopez,Collections Officer,2005-08-31,susan.lopez898@bank.example.com,8470198764
899,725,Charles,Gonzalez,Operations,2009-03-14,charles.gonzalez899@bank.example.com,6500686062
900,426,Sarah,Miller,Underwriter,2015-02-24,sarah.miller900@bank.example.com,7974309274
901,765,Patricia,Martin,Underwriter,2014-04-27,patricia.martin901@bank.example.com,7777527788
902,2,Susan,Williams,Branch Manager,2012-01-12,susan.williams902@bank.example.com,9206646161
903,285,Richard,Davis,Branch Manager,2023-03-14,richard.davis903@bank.example.com,9958754554
904,813,Mary,Jones,Operations,2023-10-21,mary.jones904@bank.example.com,6549781341
905,276,Robert,Davis,Credit Analyst,2018-03-14,robert.davis905@bank.example.com,8337397913
906,922,Mary,Williams,Branch Manager,2021-04-07,mary.williams906@bank.example.com,7879985005
907,227,Susan,Moore,Underwriter,2015-12-14,susan.moore907@bank.example.com,7537956588
908,97,Karen,Smith,Underwriter,2024-05-20,karen.smith908@bank.example.com,7942783329
909,336,Karen,Williams,Branch Manager,2019-04-05,karen.williams909@bank.example.com,7307512965
910,124,William,Gonzalez,Clerk,2011-08-04,william.gonzalez910@bank.example.com,6115542261
911,217,Karen,Garcia,Branch Manager,2022-06-05,karen.garcia911@bank.example.com,9686571575
912,469,Barbara,Williams,Clerk,2024-02-06,barbara.williams912@bank.example.com,7698457242
913,903,Barbara,Wilson,Clerk,2008-02-22,barbara.wilson913@bank.example.com,9730409776
914,113,Richard,Johnson,Credit Analyst,2013-08-10,richard.johnson914@bank.example.com,7057991730
915,389,Jessica,Jones,Branch Manager,2006-06-29,jessica.jones915@bank.example.com,8437873481
916,753,Charles,Lopez,Collections Officer,2013-07-22,charles.lopez916@bank.example.com,9838102604
917,365,Karen,Hernandez,Credit Analyst,2021-12-31,karen.hernandez917@bank.example.com,6678393194
918,702,Jennifer,Thomas,Underwriter,2013-06-05,jennifer.thomas918@bank.example.com,9654191910
919,306,William,Williams,Credit Analyst,2006-01-04,william.williams919@bank.example.com,6113068487
920,332,Michael,Moore,Loan Officer,2009-01-05,michael.moore920@bank.example.com,9190950682
921,66,David,Hernandez,Collections Officer,2021-03-12,david.hernandez921@bank.example.com,6894582691
922,948,William,Martinez,Collections Officer,2010-09-27,william.martinez922@bank.example.com,9758117125
923,493,Sarah,Gonzalez,Branch Manager,2009-01-19,sarah.gonzalez923@bank.example.com,8291129201
924,587,Sarah,Davis,Loan Officer,2011-09-30,sarah.davis924@bank.example.com,8013575102
925,68,Linda,Davis,Clerk,2013-02-06,linda.davis925@bank.example.com,7185382334
926,383,Richard,Williams,Collections Officer,2015-10-26,richard.williams926@bank.example.com,7255894433
927,153,Charles,Miller,Clerk,2007-01-31,charles.miller927@bank.example.com,6491587815
928,469,William,Jackson,Credit Analyst,2016-08-06,william.jackson928@bank.example.com,8003845842
929,219,Charles,Hernandez,Loan Officer,2008-01-03,charles.hernandez929@bank.example.com,9757446006
930,15,James,Martinez,Credit Analyst,2012-03-24,james.martinez930@bank.example.com,7225847667
931,508,Linda,Anderson,Collections Officer,2014-10-08,linda.anderson931@bank.example.com,7825042775
932,199,Patricia,Taylor,Loan Officer,2020-08-31,patricia.taylor932@bank.example.com,8269187912
933,53,Barbara,Taylor,Loan Officer,2007-03-30,barbara.taylor933@bank.example.com,9105633558
934,989,Sarah,Thomas,Branch Manager,2006-12-04,sarah.thomas934@bank.example.com,7340115057
935,87,Michael,Jackson,Clerk,2007-01-25,michael.jackson935@bank.example.com,6278841795
936,444,William,Davis,Underwriter,2016-12-30,william.davis936@bank.example.com,7771900786
937,968,Jennifer,Brown,Operations,2005-05-02,jennifer.brown937@bank.example.com,8086861207
938,562,Sarah,Williams,Underwriter,2007-03-09,sarah.williams938@bank.example.com,6194722276
939,647,Karen,Gonzalez,Credit Analyst,2012-03-07,karen.gonzalez939@bank.example.com,7817822092
940,339,Elizabeth,Jones,Operations,2015-03-10,elizabeth.jones940@bank.example.com,9603260804
941,658,Mary,Wilson,Credit Analyst,2019-08-14,mary.wilson941@bank.example.com,9598549414
942,885,James,Jones,Underwriter,2023-06-09,james.jones942@bank.example.com,8483290169
943,947,Michael,Davis,Operations,2021-03-08,michael.davis943@bank.example.com,6309675734
944,184,Barbara,Rodriguez,Collections Officer,2021-09-01,barbara.rodriguez944@bank.example.com,6842569234
945,35,James,Gonzalez,Loan Officer,2009-02-21,james.gonzalez945@bank.example.com,6838539452
946,982,Mary,Garcia,Credit Analyst,2014-09-07,mary.garcia946@bank.example.com,9754998534
947,932,David,Hernandez,Collections Officer,2005-06-04,david.hernandez947@bank.example.com,8900306028
948,173,David,Jones,Clerk,2021-08-14,david.jones948@bank.example.com,6410497666
949,808,Patricia,Martinez,Branch Manager,2005-08-12,patricia.martinez949@bank.example.com,7733946259
950,38,Susan,Thomas,Loan Officer,2012-01-25,susan.thomas950@bank.example.com,6323788422
951,757,William,Hernandez,Credit Analyst,2017-09-14,william.hernandez951@bank.example.com,6608457286
952,881,James,Brown,Underwriter,2014-07-09,james.brown952@bank.example.com,9834703369
953,870,Linda,Miller,Collections Officer,2016-08-25,linda.miller953@bank.example.com,6604085098
954,874,Robert,Jones,Branch Manager,2011-03-27,robert.jones954@bank.example.com,6160452507
955,238,Mary,Hernandez,Operations,2018-03-03,mary.hernandez955@bank.example.com,6560457603
956,49,Jennifer,Garcia,Clerk,2013-06-22,jennifer.garcia956@bank.example.com,6600600268
957,984,James,Brown,Collections Officer,2021-07-31,james.brown957@bank.example.com,8636891822
958,117,Mary,Williams,Operations,2009-08-29,mary.williams958@bank.example.com,7099623214
959,215,Sarah,Martinez,Branch Manager,2017-12-01,sarah.martinez959@bank.example.com,6433915170
960,658,Michael,Davis,Branch Manager,2013-02-26,michael.davis960@bank.example.com,6779688891
961,979,Thomas,Gonzalez,Loan Officer,2022-11-13,thomas.gonzalez961@bank.example.com,6922031768
962,751,Jennifer,Davis,Credit Analyst,2010-09-14,jennifer.davis962@bank.example.com,7441112099
963,342,Susan,Martinez,Branch Manager,2009-11-10,susan.martinez963@bank.example.com,7306869542
964,410,Jennifer,Taylor,Clerk,2022-04-30,jennifer.taylor964@bank.example.com,9453829063
965,454,Elizabeth,Martin,Underwriter,2022-10-15,elizabeth.martin965@bank.example.com,6021374018
966,598,Jennifer,Rodriguez,Credit Analyst,2014-08-24,jennifer.rodriguez966@bank.example.com,7844253694
967,179,Michael,Rodriguez,Collections Officer,2006-03-23,michael.rodriguez967@bank.example.com,9133962488
968,254,Charles,Lopez,Underwriter,2021-10-30,charles.lopez968@bank.example.com,7949129443
969,284,Jessica,Davis,Collections Officer,2017-11-06,jessica.davis969@bank.example.com,8362861077
970,637,Barbara,Garcia,Underwriter,2023-08-17,barbara.garcia970@bank.example.com,6996661516
971,855,Barbara,Gonzalez,Operations,2007-01-25,barbara.gonzalez971@bank.example.com,7437131885
972,983,Jennifer,Gonzalez,Underwriter,2013-04-27,jennifer.gonzalez972@bank.example.com,9496421746
973,868,David,Jackson,Loan Officer,2011-01-01,david.jackson973@bank.example.com,8095623163
974,379,Richard,Garcia,Operations,2010-07-11,richard.garcia974@bank.example.com,9746660796
975,635,Thomas,Johnson,Underwriter,2014-05-05,thomas.johnson975@bank.example.com,7289118584
976,485,Patricia,Rodriguez,Operations,2013-04-15,patricia.rodriguez976@bank.example.com,6941351585
977,870,Linda,Gonzalez,Credit Analyst,2020-08-27,linda.gonzalez977@bank.example.com,7592874896
978,900,Jennifer,Martinez,Underwriter,2022-06-09,jennifer.martinez978@bank.example.com,7163055314
979,737,Richard,Wilson,Clerk,2019-12-17,richard.wilson979@bank.example.com,7002124286
980,575,David,Miller,Credit Analyst,2020-09-03,david.miller980@bank.example.com,8960949466
981,781,Susan,Jones,Collections Officer,2022-03-07,susan.jones981@bank.example.com,8476421166
982,766,Sarah,Hernandez,Branch Manager,2008-06-16,sarah.hernandez982@bank.example.com,7243977646
983,506,Michael,Gonzalez,Credit Analyst,2008-05-19,michael.gonzalez983@bank.example.com,7279085185
984,487,Patricia,Hernandez,Loan Officer,2008-07-07,patricia.hernandez984@bank.example.com,8752874888
985,974,Joseph,Wilson,Branch Manager,2021-09-16,joseph.wilson985@bank.example.com,8685627638
986,332,Sarah,Davis,Clerk,2009-10-07,sarah.davis986@bank.example.com,8831880721
987,562,Elizabeth,Wilson,Clerk,2016-03-21,elizabeth.wilson987@bank.example.com,9217286588
988,685,Susan,Davis,Credit Analyst,2005-08-03,susan.davis988@bank.example.com,7773644476
989,749,Patricia,Gonzalez,Credit Analyst,2008-04-20,patricia.gonzalez989@bank.example.com,7271461065
990,605,Charles,Thomas,Collections Officer,2010-04-21,charles.thomas990@bank.example.com,8645318090
991,807,Karen,Moore,Collections Officer,2006-09-25,karen.moore991@bank.example.com,7783616427
992,882,Patricia,Lopez,Branch Manager,2020-02-11,patricia.lopez992@bank.example.com,8147883369
993,404,John,Brown,Operations,2016-07-23,john.brown993@bank.example.com,8816548023
994,91,Michael,Anderson,Loan Officer,2010-06-29,michael.anderson994@bank.example.com,6099305765
995,486,Jessica,Miller,Branch Manager,2013-07-07,jessica.miller995@bank.example.com,6253105537
996,794,Jessica,Garcia,Operations,2022-05-06,jessica.garcia996@bank.example.com,6017467311
997,550,Patricia,Rodriguez,Credit Analyst,2014-07-03,patricia.rodriguez997@bank.example.com,9498329203
998,926,Jessica,Moore,Collections Officer,2005-06-06,jessica.moore998@bank.example.com,8387709507
999,750,Robert,Gonzalez,Clerk,2017-11-14,robert.gonzalez999@bank.example.com,6893380803
1000,126,Patricia,Jones,Clerk,2013-12-07,patricia.jones1000@bank.example.com,9366199280
